﻿<?xml version="1.0" encoding="utf-8"?>
<?xml-stylesheet type='text/xsl' href='../../ld1webpage.xsl'?>
<LOBBYINGDISCLOSURE1>
  <imported>N</imported>
  <pages>2</pages>
  <regType>2</regType>
  <organizationName>DMM Strategies</organizationName>
  <prefix>
  </prefix>
  <firstName>
  </firstName>
  <lastName>
  </lastName>
  <address1>413 G St SE, Unit B</address1>
  <address2>
  </address2>
  <city>Washington</city>
  <state>DC</state>
  <zip>20003</zip>
  <zipext>
  </zipext>
  <country>USA</country>
  <principal_city>
  </principal_city>
  <principal_state>
  </principal_state>
  <principal_zip>
  </principal_zip>
  <principal_zipext>
  </principal_zipext>
  <principal_country>
  </principal_country>
  <contactIntlPhone>
  </contactIntlPhone>
  <registrantGeneralDescription>Government Affairs Consultants.</registrantGeneralDescription>
  <selfSelect>N</selfSelect>
  <clientName>Clean Line Energy Partners</clientName>
  <clientAddress>1001 McKinney Street, Suite 700</clientAddress>
  <clientCity>Houston</clientCity>
  <clientState>TX</clientState>
  <clientZip>77002</clientZip>
  <clientZipExt>
  </clientZipExt>
  <clientCountry>USA</clientCountry>
  <prinClientCity>
  </prinClientCity>
  <prinClientState>
  </prinClientState>
  <prinClientZip>
  </prinClientZip>
  <prinClientZipExt>
  </prinClientZipExt>
  <prinClientCountry>
  </prinClientCountry>
  <clientGeneralDescription>Clean Line is developing transmission lines that will deliver low-cost renewable power.</clientGeneralDescription>
  <senateID>401104188</senateID>
  <houseID>433930003</houseID>
  <lobbyists>
    <lobbyist>
      <lobbyistFirstName>Daniel </lobbyistFirstName>
      <lobbyistLastName>McCarthy</lobbyistLastName>
      <lobbyistSuffix>
      </lobbyistSuffix>
      <coveredPosition>White House Legislative Affairs Assistant</coveredPosition>
      <lobbyistNew>Y</lobbyistNew>
    </lobbyist>
    <lobbyist>
      <lobbyistFirstName>Jennifer</lobbyistFirstName>
      <lobbyistLastName>Johnson</lobbyistLastName>
      <lobbyistSuffix>
      </lobbyistSuffix>
      <coveredPosition>LA, US House of Representatives; AA, US Senate</coveredPosition>
      <lobbyistNew>Y</lobbyistNew>
    </lobbyist>
    <lobbyist>
      <lobbyistFirstName>
      </lobbyistFirstName>
      <lobbyistLastName>
      </lobbyistLastName>
      <lobbyistSuffix>
      </lobbyistSuffix>
      <coveredPosition>
      </coveredPosition>
      <lobbyistNew>N</lobbyistNew>
    </lobbyist>
    <lobbyist>
      <lobbyistFirstName>
      </lobbyistFirstName>
      <lobbyistLastName>
      </lobbyistLastName>
      <lobbyistSuffix>
      </lobbyistSuffix>
      <coveredPosition>
      </coveredPosition>
      <lobbyistNew>N</lobbyistNew>
    </lobbyist>
    <lobbyist>
      <lobbyistFirstName>
      </lobbyistFirstName>
      <lobbyistLastName>
      </lobbyistLastName>
      <lobbyistSuffix>
      </lobbyistSuffix>
      <coveredPosition>
      </coveredPosition>
      <lobbyistNew>N</lobbyistNew>
    </lobbyist>
  </lobbyists>
  <alis>
    <ali_Code>ENG</ali_Code>
    <ali_Code>
    </ali_Code>
    <ali_Code>
    </ali_Code>
    <ali_Code>
    </ali_Code>
    <ali_Code>
    </ali_Code>
    <ali_Code>
    </ali_Code>
    <ali_Code>
    </ali_Code>
    <ali_Code>
    </ali_Code>
    <ali_Code>
    </ali_Code>
  </alis>
  <specific_issues>Plains &amp; Eastern Clean Line project.</specific_issues>
  <affiliatedUrl>
  </affiliatedUrl>
  <affiliatedOrgs>
    <affiliatedOrg>
      <affiliatedOrgName>
      </affiliatedOrgName>
      <affiliatedOrgAddress>
      </affiliatedOrgAddress>
      <affiliatedOrgCity>
      </affiliatedOrgCity>
      <affiliatedOrgState>
      </affiliatedOrgState>
      <affiliatedOrgZip>
      </affiliatedOrgZip>
      <affiliatedOrgCountry>
      </affiliatedOrgCountry>
      <affiliatedPrinOrgCity>
      </affiliatedPrinOrgCity>
      <affiliatedPrinOrgState>
      </affiliatedPrinOrgState>
      <affiliatedPrinOrgCountry>
      </affiliatedPrinOrgCountry>
    </affiliatedOrg>
    <affiliatedOrg>
      <affiliatedOrgName>
      </affiliatedOrgName>
      <affiliatedOrgAddress>
      </affiliatedOrgAddress>
      <affiliatedOrgCity>
      </affiliatedOrgCity>
      <affiliatedOrgState>
      </affiliatedOrgState>
      <affiliatedOrgZip>
      </affiliatedOrgZip>
      <affiliatedOrgCountry>
      </affiliatedOrgCountry>
      <affiliatedPrinOrgCity>
      </affiliatedPrinOrgCity>
      <affiliatedPrinOrgState>
      </affiliatedPrinOrgState>
      <affiliatedPrinOrgCountry>
      </affiliatedPrinOrgCountry>
    </affiliatedOrg>
    <affiliatedOrg>
      <affiliatedOrgName>
      </affiliatedOrgName>
      <affiliatedOrgAddress>
      </affiliatedOrgAddress>
      <affiliatedOrgCity>
      </affiliatedOrgCity>
      <affiliatedOrgState>
      </affiliatedOrgState>
      <affiliatedOrgZip>
      </affiliatedOrgZip>
      <affiliatedOrgCountry>
      </affiliatedOrgCountry>
      <affiliatedPrinOrgCity>
      </affiliatedPrinOrgCity>
      <affiliatedPrinOrgState>
      </affiliatedPrinOrgState>
      <affiliatedPrinOrgCountry>
      </affiliatedPrinOrgCountry>
    </affiliatedOrg>
  </affiliatedOrgs>
  <foreignEntities>
    <foreignEntity>
      <name>
      </name>
      <address>
      </address>
      <city>
      </city>
      <state>
      </state>
      <country>
      </country>
      <prinCity>
      </prinCity>
      <prinState>
      </prinState>
      <prinCountry>
      </prinCountry>
      <contribution>
      </contribution>
      <ownership_Percentage>
      </ownership_Percentage>
    </foreignEntity>
    <foreignEntity>
      <name>
      </name>
      <address>
      </address>
      <city>
      </city>
      <state>
      </state>
      <country>
      </country>
      <prinCity>
      </prinCity>
      <prinState>
      </prinState>
      <prinCountry>
      </prinCountry>
      <contribution>
      </contribution>
      <ownership_Percentage>
      </ownership_Percentage>
    </foreignEntity>
  </foreignEntities>
  <reportYear>2017</reportYear>
  <reportType>RR</reportType>
  <effectiveDate>1/25/2017</effectiveDate>
  <printedName>Jennifer Johnson </printedName>
  <signedDate>2/13/2017 3:50:19 PM</signedDate>
</LOBBYINGDISCLOSURE1>