<LOBBYINGDISCLOSURE1>
   <imported>N</imported>
   <pages>2</pages>
   <regType>2</regType>
   <organizationName>Sher &amp; Blackwell LLP</organizationName>
   <prefix></prefix>
   <firstName></firstName>
   <lastName></lastName>
   <address1>1850 M Street, NW</address1>
   <address2>Suite 900</address2>
   <city>Washington</city>
   <state>DC</state>
   <zip>20036</zip>
   <zipext></zipext>
   <country>USA</country>
   <principal_city></principal_city>
   <principal_state></principal_state>
   <principal_zip></principal_zip>
   <principal_zipext></principal_zipext>
   <principal_country></principal_country>
   <registrantGeneralDescription>Law firm and government relations</registrantGeneralDescription>
   <selfSelect>N</selfSelect>
   <clientName>New England Lobster Exporters Coalition</clientName>
   <clientAddress>1850 M Street, NW  Suite 900</clientAddress>
   <clientCity>Washington</clientCity>
   <clientState>DC</clientState>
   <clientZip>20036</clientZip>
   <clientZipExt></clientZipExt>
   <clientCountry>USA</clientCountry>
   <prinClientCity></prinClientCity>
   <prinClientState></prinClientState>
   <prinClientZip></prinClientZip>
   <prinClientZipExt></prinClientZipExt>
   <prinClientCountry></prinClientCountry>
   <clientGeneralDescription>Advocate on behalf of lobster exporters</clientGeneralDescription>
   <senateID>35137</senateID>
   <houseID>307160109</houseID>
   <lobbyists>
      <lobbyist>
         <lobbyistFirstName>Jeffrey</lobbyistFirstName>
         <lobbyistLastName>Pike</lobbyistLastName>
         <lobbyistSuffix></lobbyistSuffix>
         <coveredPosition>Chief of Staff, House Committee Merchant Marine &amp; Fisheries</coveredPosition>
         <lobbyistNew>Y</lobbyistNew>
      </lobbyist>
      <lobbyist>
         <lobbyistFirstName>Robert</lobbyistFirstName>
         <lobbyistLastName>Freeman</lobbyistLastName>
         <lobbyistSuffix></lobbyistSuffix>
         <coveredPosition>Deputy Chief of Staff, Senate Commerce Committee</coveredPosition>
         <lobbyistNew>Y</lobbyistNew>
      </lobbyist>
      <lobbyist>
         <lobbyistFirstName>Megan</lobbyistFirstName>
         <lobbyistLastName>Mortimer</lobbyistLastName>
         <lobbyistSuffix></lobbyistSuffix>
         <coveredPosition></coveredPosition>
         <lobbyistNew>Y</lobbyistNew>
      </lobbyist>
      <lobbyist>
         <lobbyistFirstName></lobbyistFirstName>
         <lobbyistLastName></lobbyistLastName>
         <lobbyistSuffix></lobbyistSuffix>
         <coveredPosition></coveredPosition>
         <lobbyistNew>Y</lobbyistNew>
      </lobbyist>
      <lobbyist>
         <lobbyistFirstName></lobbyistFirstName>
         <lobbyistLastName></lobbyistLastName>
         <lobbyistSuffix></lobbyistSuffix>
         <coveredPosition></coveredPosition>
         <lobbyistNew>Y</lobbyistNew>
      </lobbyist>
   </lobbyists>
   <alis>
      <ali_Code>TRD</ali_Code>
      <ali_Code>FOO</ali_Code>
      <ali_Code></ali_Code>
      <ali_Code></ali_Code>
      <ali_Code></ali_Code>
      <ali_Code></ali_Code>
      <ali_Code></ali_Code>
      <ali_Code></ali_Code>
      <ali_Code></ali_Code>
   </alis>
   <specific_issues>Issue relating to the Food and Drug Administration transfering the responsibility for issuing EU Export Certificates to the National Oceanic and Atmospheric Administration.</specific_issues>
   <affiliatedUrl></affiliatedUrl>
   <affiliatedOrgs>
      <affiliatedOrg>
         <affiliatedOrgName>Garbo Lobster Company, Inc.</affiliatedOrgName>
         <affiliatedOrgAddress>415 Thames Street</affiliatedOrgAddress>
         <affiliatedOrgCity>Groton</affiliatedOrgCity>
         <affiliatedOrgState>CT</affiliatedOrgState>
         <affiliatedOrgZip>06340</affiliatedOrgZip>
         <affiliatedOrgCountry>USA</affiliatedOrgCountry>
         <affiliatedPrinOrgCity>Groton</affiliatedPrinOrgCity>
         <affiliatedPrinOrgState>CT</affiliatedPrinOrgState>
         <affiliatedPrinOrgCountry>USA</affiliatedPrinOrgCountry>
      </affiliatedOrg>
      <affiliatedOrg>
         <affiliatedOrgName></affiliatedOrgName>
         <affiliatedOrgAddress></affiliatedOrgAddress>
         <affiliatedOrgCity></affiliatedOrgCity>
         <affiliatedOrgState></affiliatedOrgState>
         <affiliatedOrgZip></affiliatedOrgZip>
         <affiliatedOrgCountry></affiliatedOrgCountry>
         <affiliatedPrinOrgCity></affiliatedPrinOrgCity>
         <affiliatedPrinOrgState></affiliatedPrinOrgState>
         <affiliatedPrinOrgCountry></affiliatedPrinOrgCountry>
      </affiliatedOrg>
      <affiliatedOrg>
         <affiliatedOrgName></affiliatedOrgName>
         <affiliatedOrgAddress></affiliatedOrgAddress>
         <affiliatedOrgCity></affiliatedOrgCity>
         <affiliatedOrgState></affiliatedOrgState>
         <affiliatedOrgZip></affiliatedOrgZip>
         <affiliatedOrgCountry></affiliatedOrgCountry>
         <affiliatedPrinOrgCity></affiliatedPrinOrgCity>
         <affiliatedPrinOrgState></affiliatedPrinOrgState>
         <affiliatedPrinOrgCountry></affiliatedPrinOrgCountry>
      </affiliatedOrg>
   </affiliatedOrgs>
   <foreignEntities>
      <foreignEntity>
         <name></name>
         <address></address>
         <city></city>
         <state></state>
         <country></country>
         <prinCity></prinCity>
         <prinState></prinState>
         <prinCountry></prinCountry>
         <contribution></contribution>
         <ownership_Percentage></ownership_Percentage>
      </foreignEntity>
      <foreignEntity>
         <name></name>
         <address></address>
         <city></city>
         <state></state>
         <country></country>
         <prinCity></prinCity>
         <prinState></prinState>
         <prinCountry></prinCountry>
         <contribution></contribution>
         <ownership_Percentage></ownership_Percentage>
      </foreignEntity>
   </foreignEntities>
   <reportYear>2009</reportYear>
   <reportType>RR</reportType>
   <effectiveDate>01/21/2009</effectiveDate>
   <printedName>Jeffrey Pike, Director of Government Relations</printedName>
   <signedDate>02/04/2009</signedDate>
   <signerEmail></signerEmail>
</LOBBYINGDISCLOSURE1>