<LOBBYINGDISCLOSURE1>
   <imported>N</imported>
   <pages>3</pages>
   <regType>2</regType>
   <organizationName>DUTKO WORLDWIDE, LLC</organizationName>
   <prefix></prefix>
   <firstName></firstName>
   <lastName></lastName>
   <address1>412 FIRST STREET SE</address1>
   <address2>SUITE 100</address2>
   <city>WASHINGTON</city>
   <state>DC</state>
   <zip>20003</zip>
   <zipext></zipext>
   <country>USA</country>
   <principal_city></principal_city>
   <principal_state></principal_state>
   <principal_zip></principal_zip>
   <principal_zipext></principal_zipext>
   <principal_country></principal_country>
   <registrantGeneralDescription>Lobbying and Public Policy Management</registrantGeneralDescription>
   <selfSelect>N</selfSelect>
   <clientName>Fibertower Corporation</clientName>
   <clientAddress>1667 K Street NW, Suite 250</clientAddress>
   <clientCity>Washington</clientCity>
   <clientState>DC</clientState>
   <clientZip>20006</clientZip>
   <clientZipExt></clientZipExt>
   <clientCountry>USA</clientCountry>
   <prinClientCity></prinClientCity>
   <prinClientState></prinClientState>
   <prinClientZip></prinClientZip>
   <prinClientZipExt></prinClientZipExt>
   <prinClientCountry></prinClientCountry>
   <clientGeneralDescription>Backhaul and access transport provider focused primarily on the wireless carrier market.</clientGeneralDescription>
   <senateID>12868</senateID>
   <houseID>322290527</houseID>
   <lobbyists>
      <lobbyist>
         <lobbyistFirstName>Steve</lobbyistFirstName>
         <lobbyistLastName>Perry</lobbyistLastName>
         <lobbyistSuffix></lobbyistSuffix>
         <coveredPosition></coveredPosition>
         <lobbyistNew>Y</lobbyistNew>
      </lobbyist>
      <lobbyist>
         <lobbyistFirstName>Kim</lobbyistFirstName>
         <lobbyistLastName>Bayliss</lobbyistLastName>
         <lobbyistSuffix></lobbyistSuffix>
         <coveredPosition>Legis Aide and Legis Dir., Rep. Mike Synar</coveredPosition>
         <lobbyistNew>Y</lobbyistNew>
      </lobbyist>
      <lobbyist>
         <lobbyistFirstName>Roger</lobbyistFirstName>
         <lobbyistLastName>Fleming</lobbyistLastName>
         <lobbyistSuffix></lobbyistSuffix>
         <coveredPosition>Legis. Dir., Rep. Clay Shaw; Minority Counsel, House Jud.</coveredPosition>
         <lobbyistNew>Y</lobbyistNew>
      </lobbyist>
      <lobbyist>
         <lobbyistFirstName>Roger</lobbyistFirstName>
         <lobbyistLastName>Fleming</lobbyistLastName>
         <lobbyistSuffix></lobbyistSuffix>
         <coveredPosition>Cmte; Counsel, Fed. Maritime Commission; Majority Counsel, </coveredPosition>
         <lobbyistNew>Y</lobbyistNew>
      </lobbyist>
      <lobbyist>
         <lobbyistFirstName>Roger</lobbyistFirstName>
         <lobbyistLastName>Fleming</lobbyistLastName>
         <lobbyistSuffix></lobbyistSuffix>
         <coveredPosition>House Judiciary Cmte.</coveredPosition>
         <lobbyistNew>Y</lobbyistNew>
      </lobbyist>
      <lobbyist>
         <lobbyistFirstName>Lou</lobbyistFirstName>
         <lobbyistLastName>Lehrman</lobbyistLastName>
         <lobbyistSuffix></lobbyistSuffix>
         <coveredPosition>Legis. Aide, Rep. Alex McMillan</coveredPosition>
         <lobbyistNew>Y</lobbyistNew>
      </lobbyist>
      <lobbyist>
         <lobbyistFirstName>Andrew</lobbyistFirstName>
         <lobbyistLastName>Wright</lobbyistLastName>
         <lobbyistSuffix></lobbyistSuffix>
         <coveredPosition>Chief of Staff, Rep. Rick Boucher; Chief of Staff, Rep Brad</coveredPosition>
         <lobbyistNew>Y</lobbyistNew>
      </lobbyist>
      <lobbyist>
         <lobbyistFirstName>Andrew </lobbyistFirstName>
         <lobbyistLastName>Wright</lobbyistLastName>
         <lobbyistSuffix></lobbyistSuffix>
         <coveredPosition>Sherman</coveredPosition>
         <lobbyistNew>Y</lobbyistNew>
      </lobbyist>
      <lobbyist>
         <lobbyistFirstName>Lauren</lobbyistFirstName>
         <lobbyistLastName>Griffin</lobbyistLastName>
         <lobbyistSuffix></lobbyistSuffix>
         <coveredPosition></coveredPosition>
         <lobbyistNew>Y</lobbyistNew>
      </lobbyist>
      <lobbyist>
         <lobbyistFirstName></lobbyistFirstName>
         <lobbyistLastName></lobbyistLastName>
         <lobbyistSuffix></lobbyistSuffix>
         <coveredPosition></coveredPosition>
         <lobbyistNew>Y</lobbyistNew>
      </lobbyist>
      <lobbyist>
         <lobbyistFirstName></lobbyistFirstName>
         <lobbyistLastName></lobbyistLastName>
         <lobbyistSuffix></lobbyistSuffix>
         <coveredPosition></coveredPosition>
         <lobbyistNew>Y</lobbyistNew>
      </lobbyist>
   </lobbyists>
   <alis>
      <ali_Code>TEC</ali_Code>
      <ali_Code></ali_Code>
      <ali_Code></ali_Code>
      <ali_Code></ali_Code>
      <ali_Code></ali_Code>
      <ali_Code></ali_Code>
      <ali_Code></ali_Code>
      <ali_Code></ali_Code>
      <ali_Code></ali_Code>
      <ali_Code></ali_Code>
      <ali_Code></ali_Code>
      <ali_Code></ali_Code>
      <ali_Code></ali_Code>
      <ali_Code></ali_Code>
      <ali_Code></ali_Code>
      <ali_Code></ali_Code>
      <ali_Code></ali_Code>
      <ali_Code></ali_Code>
   </alis>
   <specific_issues>Lobby to address company's interest in the broadband sanction of the stimulus package and other procurement opportunities for fixed wireless services.</specific_issues>
   <affiliatedUrl></affiliatedUrl>
   <affiliatedOrgs>
      <affiliatedOrg>
         <affiliatedOrgName></affiliatedOrgName>
         <affiliatedOrgAddress></affiliatedOrgAddress>
         <affiliatedOrgCity></affiliatedOrgCity>
         <affiliatedOrgState></affiliatedOrgState>
         <affiliatedOrgZip></affiliatedOrgZip>
         <affiliatedOrgCountry></affiliatedOrgCountry>
         <affiliatedPrinOrgCity></affiliatedPrinOrgCity>
         <affiliatedPrinOrgState></affiliatedPrinOrgState>
         <affiliatedPrinOrgCountry></affiliatedPrinOrgCountry>
      </affiliatedOrg>
      <affiliatedOrg>
         <affiliatedOrgName></affiliatedOrgName>
         <affiliatedOrgAddress></affiliatedOrgAddress>
         <affiliatedOrgCity></affiliatedOrgCity>
         <affiliatedOrgState></affiliatedOrgState>
         <affiliatedOrgZip></affiliatedOrgZip>
         <affiliatedOrgCountry></affiliatedOrgCountry>
         <affiliatedPrinOrgCity></affiliatedPrinOrgCity>
         <affiliatedPrinOrgState></affiliatedPrinOrgState>
         <affiliatedPrinOrgCountry></affiliatedPrinOrgCountry>
      </affiliatedOrg>
      <affiliatedOrg>
         <affiliatedOrgName></affiliatedOrgName>
         <affiliatedOrgAddress></affiliatedOrgAddress>
         <affiliatedOrgCity></affiliatedOrgCity>
         <affiliatedOrgState></affiliatedOrgState>
         <affiliatedOrgZip></affiliatedOrgZip>
         <affiliatedOrgCountry></affiliatedOrgCountry>
         <affiliatedPrinOrgCity></affiliatedPrinOrgCity>
         <affiliatedPrinOrgState></affiliatedPrinOrgState>
         <affiliatedPrinOrgCountry></affiliatedPrinOrgCountry>
      </affiliatedOrg>
      <affiliatedOrg>
         <affiliatedOrgName></affiliatedOrgName>
         <affiliatedOrgAddress></affiliatedOrgAddress>
         <affiliatedOrgCity></affiliatedOrgCity>
         <affiliatedOrgState></affiliatedOrgState>
         <affiliatedOrgZip></affiliatedOrgZip>
         <affiliatedOrgCountry></affiliatedOrgCountry>
         <affiliatedPrinOrgCity></affiliatedPrinOrgCity>
         <affiliatedPrinOrgState></affiliatedPrinOrgState>
         <affiliatedPrinOrgCountry></affiliatedPrinOrgCountry>
      </affiliatedOrg>
      <affiliatedOrg>
         <affiliatedOrgName></affiliatedOrgName>
         <affiliatedOrgAddress></affiliatedOrgAddress>
         <affiliatedOrgCity></affiliatedOrgCity>
         <affiliatedOrgState></affiliatedOrgState>
         <affiliatedOrgZip></affiliatedOrgZip>
         <affiliatedOrgCountry></affiliatedOrgCountry>
         <affiliatedPrinOrgCity></affiliatedPrinOrgCity>
         <affiliatedPrinOrgState></affiliatedPrinOrgState>
         <affiliatedPrinOrgCountry></affiliatedPrinOrgCountry>
      </affiliatedOrg>
      <affiliatedOrg>
         <affiliatedOrgName></affiliatedOrgName>
         <affiliatedOrgAddress></affiliatedOrgAddress>
         <affiliatedOrgCity></affiliatedOrgCity>
         <affiliatedOrgState></affiliatedOrgState>
         <affiliatedOrgZip></affiliatedOrgZip>
         <affiliatedOrgCountry></affiliatedOrgCountry>
         <affiliatedPrinOrgCity></affiliatedPrinOrgCity>
         <affiliatedPrinOrgState></affiliatedPrinOrgState>
         <affiliatedPrinOrgCountry></affiliatedPrinOrgCountry>
      </affiliatedOrg>
   </affiliatedOrgs>
   <foreignEntities>
      <foreignEntity>
         <name></name>
         <address></address>
         <city></city>
         <state></state>
         <country></country>
         <prinCity></prinCity>
         <prinState></prinState>
         <prinCountry></prinCountry>
         <contribution></contribution>
         <ownership_Percentage></ownership_Percentage>
      </foreignEntity>
      <foreignEntity>
         <name></name>
         <address></address>
         <city></city>
         <state></state>
         <country></country>
         <prinCity></prinCity>
         <prinState></prinState>
         <prinCountry></prinCountry>
         <contribution></contribution>
         <ownership_Percentage></ownership_Percentage>
      </foreignEntity>
      <foreignEntity>
         <name></name>
         <address></address>
         <city></city>
         <state></state>
         <country></country>
         <prinCity></prinCity>
         <prinState></prinState>
         <prinCountry></prinCountry>
         <contribution></contribution>
         <ownership_Percentage></ownership_Percentage>
      </foreignEntity>
      <foreignEntity>
         <name></name>
         <address></address>
         <city></city>
         <state></state>
         <country></country>
         <prinCity></prinCity>
         <prinState></prinState>
         <prinCountry></prinCountry>
         <contribution></contribution>
         <ownership_Percentage></ownership_Percentage>
      </foreignEntity>
      <foreignEntity>
         <name></name>
         <address></address>
         <city></city>
         <state></state>
         <country></country>
         <prinCity></prinCity>
         <prinState></prinState>
         <prinCountry></prinCountry>
         <contribution></contribution>
         <ownership_Percentage></ownership_Percentage>
      </foreignEntity>
   </foreignEntities>
   <reportYear>2009</reportYear>
   <reportType>RR</reportType>
   <effectiveDate>01/26/2009</effectiveDate>
   <printedName>Mark Irion - Chief Executive Officer</printedName>
   <signedDate>01/26/2009</signedDate>
   <signerEmail></signerEmail>
</LOBBYINGDISCLOSURE1>