﻿<?xml version="1.0" encoding="utf-8"?>
<?xml-stylesheet type='text/xsl' href='../../ld1webpage.xsl'?>
<LOBBYINGDISCLOSURE1>
  <imported>N</imported>
  <pages>2</pages>
  <regType>2</regType>
  <organizationName>WINNING STRATEGIES WASHINGTON</organizationName>
  <prefix>
  </prefix>
  <firstName>
  </firstName>
  <lastName>
  </lastName>
  <address1>409 7TH STREET, NW</address1>
  <address2>SUITE 450</address2>
  <city>WASHINGTON</city>
  <state>DC</state>
  <zip>20004</zip>
  <zipext>
  </zipext>
  <country>USA</country>
  <principal_city>
  </principal_city>
  <principal_state>
  </principal_state>
  <principal_zip>
  </principal_zip>
  <principal_zipext>
  </principal_zipext>
  <principal_country>
  </principal_country>
  <contactIntlPhone>
  </contactIntlPhone>
  <registrantGeneralDescription>Government Affairs</registrantGeneralDescription>
  <selfSelect>N</selfSelect>
  <clientName>Odyssey House Louisiana, Inc.</clientName>
  <clientAddress>1125 North Tonti</clientAddress>
  <clientCity>New Orleans</clientCity>
  <clientState>LA</clientState>
  <clientZip>70119</clientZip>
  <clientZipExt>
  </clientZipExt>
  <clientCountry>USA</clientCountry>
  <prinClientCity>
  </prinClientCity>
  <prinClientState>
  </prinClientState>
  <prinClientZip>
  </prinClientZip>
  <prinClientZipExt>
  </prinClientZipExt>
  <prinClientCountry>
  </prinClientCountry>
  <clientGeneralDescription> Substance Use Disorder Treatment</clientGeneralDescription>
  <senateID>50796</senateID>
  <houseID>347240192</houseID>
  <lobbyists>
    <lobbyist>
      <lobbyistFirstName>Robert</lobbyistFirstName>
      <lobbyistLastName>Zucker</lobbyistLastName>
      <lobbyistSuffix>
      </lobbyistSuffix>
      <coveredPosition>LD, Rep. Rothman; LA,Rep. Evans (IL); Sen. Lautenberg</coveredPosition>
      <lobbyistNew>Y</lobbyistNew>
    </lobbyist>
    <lobbyist>
      <lobbyistFirstName>Charla</lobbyistFirstName>
      <lobbyistLastName>Penn</lobbyistLastName>
      <lobbyistSuffix>
      </lobbyistSuffix>
      <coveredPosition>LA, Rep. Pascrell; SA/LC/LA, Rep. Boyd</coveredPosition>
      <lobbyistNew>Y</lobbyistNew>
    </lobbyist>
    <lobbyist>
      <lobbyistFirstName>Chelsey</lobbyistFirstName>
      <lobbyistLastName>Hickman</lobbyistLastName>
      <lobbyistSuffix>
      </lobbyistSuffix>
      <coveredPosition>CoS, Rep. Kay Granger; LA Sen. Larry Craig</coveredPosition>
      <lobbyistNew>Y</lobbyistNew>
    </lobbyist>
    <lobbyist>
      <lobbyistFirstName>Molly</lobbyistFirstName>
      <lobbyistLastName>McDonnell</lobbyistLastName>
      <lobbyistSuffix>
      </lobbyistSuffix>
      <coveredPosition>LC/LA/Senior Health Policy Advisor; Congressman Leonard Lance</coveredPosition>
      <lobbyistNew>Y</lobbyistNew>
    </lobbyist>
    <lobbyist>
      <lobbyistFirstName>
      </lobbyistFirstName>
      <lobbyistLastName>
      </lobbyistLastName>
      <lobbyistSuffix>
      </lobbyistSuffix>
      <coveredPosition>
      </coveredPosition>
      <lobbyistNew>N</lobbyistNew>
    </lobbyist>
  </lobbyists>
  <alis>
    <ali_Code>HCR</ali_Code>
    <ali_Code>MMM</ali_Code>
    <ali_Code>
    </ali_Code>
    <ali_Code>
    </ali_Code>
    <ali_Code>
    </ali_Code>
    <ali_Code>
    </ali_Code>
    <ali_Code>
    </ali_Code>
    <ali_Code>
    </ali_Code>
    <ali_Code>
    </ali_Code>
  </alis>
  <specific_issues>Institutions of Mental Disease (IMD) Exclusion</specific_issues>
  <affiliatedUrl>
  </affiliatedUrl>
  <affiliatedOrgs>
    <affiliatedOrg>
      <affiliatedOrgName>
      </affiliatedOrgName>
      <affiliatedOrgAddress>
      </affiliatedOrgAddress>
      <affiliatedOrgCity>
      </affiliatedOrgCity>
      <affiliatedOrgState>
      </affiliatedOrgState>
      <affiliatedOrgZip>
      </affiliatedOrgZip>
      <affiliatedOrgCountry>
      </affiliatedOrgCountry>
      <affiliatedPrinOrgCity>
      </affiliatedPrinOrgCity>
      <affiliatedPrinOrgState>
      </affiliatedPrinOrgState>
      <affiliatedPrinOrgCountry>
      </affiliatedPrinOrgCountry>
    </affiliatedOrg>
    <affiliatedOrg>
      <affiliatedOrgName>
      </affiliatedOrgName>
      <affiliatedOrgAddress>
      </affiliatedOrgAddress>
      <affiliatedOrgCity>
      </affiliatedOrgCity>
      <affiliatedOrgState>
      </affiliatedOrgState>
      <affiliatedOrgZip>
      </affiliatedOrgZip>
      <affiliatedOrgCountry>
      </affiliatedOrgCountry>
      <affiliatedPrinOrgCity>
      </affiliatedPrinOrgCity>
      <affiliatedPrinOrgState>
      </affiliatedPrinOrgState>
      <affiliatedPrinOrgCountry>
      </affiliatedPrinOrgCountry>
    </affiliatedOrg>
    <affiliatedOrg>
      <affiliatedOrgName>
      </affiliatedOrgName>
      <affiliatedOrgAddress>
      </affiliatedOrgAddress>
      <affiliatedOrgCity>
      </affiliatedOrgCity>
      <affiliatedOrgState>
      </affiliatedOrgState>
      <affiliatedOrgZip>
      </affiliatedOrgZip>
      <affiliatedOrgCountry>
      </affiliatedOrgCountry>
      <affiliatedPrinOrgCity>
      </affiliatedPrinOrgCity>
      <affiliatedPrinOrgState>
      </affiliatedPrinOrgState>
      <affiliatedPrinOrgCountry>
      </affiliatedPrinOrgCountry>
    </affiliatedOrg>
  </affiliatedOrgs>
  <foreignEntities>
    <foreignEntity>
      <name>
      </name>
      <address>
      </address>
      <city>
      </city>
      <state>
      </state>
      <country>
      </country>
      <prinCity>
      </prinCity>
      <prinState>
      </prinState>
      <prinCountry>
      </prinCountry>
      <contribution>
      </contribution>
      <ownership_Percentage>
      </ownership_Percentage>
    </foreignEntity>
    <foreignEntity>
      <name>
      </name>
      <address>
      </address>
      <city>
      </city>
      <state>
      </state>
      <country>
      </country>
      <prinCity>
      </prinCity>
      <prinState>
      </prinState>
      <prinCountry>
      </prinCountry>
      <contribution>
      </contribution>
      <ownership_Percentage>
      </ownership_Percentage>
    </foreignEntity>
  </foreignEntities>
  <reportYear>2018</reportYear>
  <reportType>RR</reportType>
  <effectiveDate>1/1/2018</effectiveDate>
  <printedName>Donna F. Mullins, </printedName>
  <signedDate>1/29/2018 9:51:17 AM</signedDate>
</LOBBYINGDISCLOSURE1>