﻿<?xml version="1.0" encoding="utf-8"?>
<?xml-stylesheet type='text/xsl' href='../../ld1webpage.xsl'?>
<LOBBYINGDISCLOSURE1>
  <imported>N</imported>
  <pages>2</pages>
  <regType>2</regType>
  <organizationName>Franklin Square Group LLC</organizationName>
  <prefix>
  </prefix>
  <firstName>
  </firstName>
  <lastName>
  </lastName>
  <address1>1155 F Street, NW</address1>
  <address2>Suite 900</address2>
  <city>Washington</city>
  <state>DC</state>
  <zip>20004</zip>
  <zipext>
  </zipext>
  <country>USA</country>
  <principal_city>
  </principal_city>
  <principal_state>
  </principal_state>
  <principal_zip>
  </principal_zip>
  <principal_zipext>
  </principal_zipext>
  <principal_country>
  </principal_country>
  <contactIntlPhone>
  </contactIntlPhone>
  <registrantGeneralDescription>Government affairs consulting</registrantGeneralDescription>
  <selfSelect>N</selfSelect>
  <clientName>ITC Working Group</clientName>
  <clientAddress>1155 F Street, NW, Suite 900</clientAddress>
  <clientCity>Washington</clientCity>
  <clientState>DC</clientState>
  <clientZip>20004</clientZip>
  <clientZipExt>
  </clientZipExt>
  <clientCountry>USA</clientCountry>
  <prinClientCity>
  </prinClientCity>
  <prinClientState>
  </prinClientState>
  <prinClientZip>
  </prinClientZip>
  <prinClientZipExt>
  </prinClientZipExt>
  <prinClientCountry>
  </prinClientCountry>
  <clientGeneralDescription>Informal Coalition concerned with intellectual property issues</clientGeneralDescription>
  <senateID>40013096</senateID>
  <houseID>398400023</houseID>
  <lobbyists>
    <lobbyist>
      <lobbyistFirstName>Matthew</lobbyistFirstName>
      <lobbyistLastName>Tanielian</lobbyistLastName>
      <lobbyistSuffix>
      </lobbyistSuffix>
      <coveredPosition>
      </coveredPosition>
      <lobbyistNew>Y</lobbyistNew>
    </lobbyist>
    <lobbyist>
      <lobbyistFirstName>Joshua</lobbyistFirstName>
      <lobbyistLastName>Ackil</lobbyistLastName>
      <lobbyistSuffix>
      </lobbyistSuffix>
      <coveredPosition>
      </coveredPosition>
      <lobbyistNew>Y</lobbyistNew>
    </lobbyist>
    <lobbyist>
      <lobbyistFirstName>Kara</lobbyistFirstName>
      <lobbyistLastName>Campbell</lobbyistLastName>
      <lobbyistSuffix>
      </lobbyistSuffix>
      <coveredPosition>
      </coveredPosition>
      <lobbyistNew>Y</lobbyistNew>
    </lobbyist>
    <lobbyist>
      <lobbyistFirstName>Brian</lobbyistFirstName>
      <lobbyistLastName>Peters</lobbyistLastName>
      <lobbyistSuffix>
      </lobbyistSuffix>
      <coveredPosition>
      </coveredPosition>
      <lobbyistNew>Y</lobbyistNew>
    </lobbyist>
    <lobbyist>
      <lobbyistFirstName>Ryan</lobbyistFirstName>
      <lobbyistLastName>Triplette</lobbyistLastName>
      <lobbyistSuffix>
      </lobbyistSuffix>
      <coveredPosition>
      </coveredPosition>
      <lobbyistNew>Y</lobbyistNew>
    </lobbyist>
  </lobbyists>
  <alis>
    <ali_Code>CPT</ali_Code>
    <ali_Code>
    </ali_Code>
    <ali_Code>
    </ali_Code>
    <ali_Code>
    </ali_Code>
    <ali_Code>
    </ali_Code>
    <ali_Code>
    </ali_Code>
    <ali_Code>
    </ali_Code>
    <ali_Code>
    </ali_Code>
    <ali_Code>
    </ali_Code>
  </alis>
  <specific_issues>Issues with respect to International Trade Commission treatment of certain patent issues</specific_issues>
  <affiliatedUrl>
  </affiliatedUrl>
  <affiliatedOrgs>
    <affiliatedOrg>
      <affiliatedOrgName>Apple, Inc.</affiliatedOrgName>
      <affiliatedOrgAddress>901 15th St NW, Suite 1000</affiliatedOrgAddress>
      <affiliatedOrgCity>Washington</affiliatedOrgCity>
      <affiliatedOrgState>DC</affiliatedOrgState>
      <affiliatedOrgZip>20005</affiliatedOrgZip>
      <affiliatedOrgCountry>USA</affiliatedOrgCountry>
      <affiliatedPrinOrgCity>Cupertino</affiliatedPrinOrgCity>
      <affiliatedPrinOrgState>CA</affiliatedPrinOrgState>
      <affiliatedPrinOrgCountry>USA</affiliatedPrinOrgCountry>
    </affiliatedOrg>
    <affiliatedOrg>
      <affiliatedOrgName>Google</affiliatedOrgName>
      <affiliatedOrgAddress>1101 New York Ave NW, Suite 200</affiliatedOrgAddress>
      <affiliatedOrgCity>Washington</affiliatedOrgCity>
      <affiliatedOrgState>DC</affiliatedOrgState>
      <affiliatedOrgZip>20005</affiliatedOrgZip>
      <affiliatedOrgCountry>USA</affiliatedOrgCountry>
      <affiliatedPrinOrgCity>Mountain View</affiliatedPrinOrgCity>
      <affiliatedPrinOrgState>CA</affiliatedPrinOrgState>
      <affiliatedPrinOrgCountry>USA</affiliatedPrinOrgCountry>
    </affiliatedOrg>
    <affiliatedOrg>
      <affiliatedOrgName>Avaya</affiliatedOrgName>
      <affiliatedOrgAddress>211 Mt Airy Road</affiliatedOrgAddress>
      <affiliatedOrgCity>Basking Ridge</affiliatedOrgCity>
      <affiliatedOrgState>NJ</affiliatedOrgState>
      <affiliatedOrgZip>07920</affiliatedOrgZip>
      <affiliatedOrgCountry>USA</affiliatedOrgCountry>
      <affiliatedPrinOrgCity>
      </affiliatedPrinOrgCity>
      <affiliatedPrinOrgState>
      </affiliatedPrinOrgState>
      <affiliatedPrinOrgCountry>
      </affiliatedPrinOrgCountry>
    </affiliatedOrg>
    <affiliatedOrg>
      <affiliatedOrgName>Broadcom Corp.</affiliatedOrgName>
      <affiliatedOrgAddress>5300 California Ave</affiliatedOrgAddress>
      <affiliatedOrgCity>Irvine</affiliatedOrgCity>
      <affiliatedOrgState>CA</affiliatedOrgState>
      <affiliatedOrgZip>92617</affiliatedOrgZip>
      <affiliatedOrgCountry>USA</affiliatedOrgCountry>
      <affiliatedPrinOrgCity>
      </affiliatedPrinOrgCity>
      <affiliatedPrinOrgState>
      </affiliatedPrinOrgState>
      <affiliatedPrinOrgCountry>
      </affiliatedPrinOrgCountry>
    </affiliatedOrg>
    <affiliatedOrg>
      <affiliatedOrgName>Hewlett-Packard Inc.</affiliatedOrgName>
      <affiliatedOrgAddress>1331 Pennsylvania Ave NW, Suite 1300 North</affiliatedOrgAddress>
      <affiliatedOrgCity>Washington</affiliatedOrgCity>
      <affiliatedOrgState>DC</affiliatedOrgState>
      <affiliatedOrgZip>20004</affiliatedOrgZip>
      <affiliatedOrgCountry>USA</affiliatedOrgCountry>
      <affiliatedPrinOrgCity>Palo Alto</affiliatedPrinOrgCity>
      <affiliatedPrinOrgState>CA</affiliatedPrinOrgState>
      <affiliatedPrinOrgCountry>USA</affiliatedPrinOrgCountry>
    </affiliatedOrg>
    <affiliatedOrg>
      <affiliatedOrgName>Oracle</affiliatedOrgName>
      <affiliatedOrgAddress>1015 15th St NW, Suite 200</affiliatedOrgAddress>
      <affiliatedOrgCity>Washington</affiliatedOrgCity>
      <affiliatedOrgState>DC</affiliatedOrgState>
      <affiliatedOrgZip>20005</affiliatedOrgZip>
      <affiliatedOrgCountry>USA</affiliatedOrgCountry>
      <affiliatedPrinOrgCity>Redwood City</affiliatedPrinOrgCity>
      <affiliatedPrinOrgState>CA</affiliatedPrinOrgState>
      <affiliatedPrinOrgCountry>USA</affiliatedPrinOrgCountry>
    </affiliatedOrg>
    <affiliatedOrg>
      <affiliatedOrgName>Cisco Systems</affiliatedOrgName>
      <affiliatedOrgAddress>601 Pennsylvania Ave NW, Suite 900</affiliatedOrgAddress>
      <affiliatedOrgCity>Washington</affiliatedOrgCity>
      <affiliatedOrgState>DC</affiliatedOrgState>
      <affiliatedOrgZip>20004</affiliatedOrgZip>
      <affiliatedOrgCountry>USA</affiliatedOrgCountry>
      <affiliatedPrinOrgCity>San Jose</affiliatedPrinOrgCity>
      <affiliatedPrinOrgState>CA</affiliatedPrinOrgState>
      <affiliatedPrinOrgCountry>USA</affiliatedPrinOrgCountry>
    </affiliatedOrg>
    <affiliatedOrg>
      <affiliatedOrgName>Intel Corp.</affiliatedOrgName>
      <affiliatedOrgAddress>1155 F St NW, Suite 1025</affiliatedOrgAddress>
      <affiliatedOrgCity>Washington</affiliatedOrgCity>
      <affiliatedOrgState>DC</affiliatedOrgState>
      <affiliatedOrgZip>20004</affiliatedOrgZip>
      <affiliatedOrgCountry>USA</affiliatedOrgCountry>
      <affiliatedPrinOrgCity>Santa Clara</affiliatedPrinOrgCity>
      <affiliatedPrinOrgState>CA</affiliatedPrinOrgState>
      <affiliatedPrinOrgCountry>USA</affiliatedPrinOrgCountry>
    </affiliatedOrg>
  </affiliatedOrgs>
  <foreignEntities>
    <foreignEntity>
      <name>
      </name>
      <address>
      </address>
      <city>
      </city>
      <state>
      </state>
      <country>
      </country>
      <prinCity>
      </prinCity>
      <prinState>
      </prinState>
      <prinCountry>
      </prinCountry>
      <contribution>
      </contribution>
      <ownership_Percentage>
      </ownership_Percentage>
    </foreignEntity>
    <foreignEntity>
      <name>
      </name>
      <address>
      </address>
      <city>
      </city>
      <state>
      </state>
      <country>
      </country>
      <prinCity>
      </prinCity>
      <prinState>
      </prinState>
      <prinCountry>
      </prinCountry>
      <contribution>
      </contribution>
      <ownership_Percentage>
      </ownership_Percentage>
    </foreignEntity>
  </foreignEntities>
  <reportYear>2012</reportYear>
  <reportType>RR</reportType>
  <effectiveDate>1/1/2012</effectiveDate>
  <printedName>MATTHEW TANIELIAN</printedName>
  <signedDate>2/15/2012 2:31:50 PM</signedDate>
</LOBBYINGDISCLOSURE1>