<?xml version="1.0"?>
<?xml-stylesheet type='text/xsl' href='../../ld1.xsl'?>
<LOBBYINGDISCLOSURE1>
   <imported>N</imported>
   <pages>2</pages>
   <regType>2</regType>
   <organizationName>The WSJ Group Consulting, LLC</organizationName>
   <prefix></prefix>
   <firstName></firstName>
   <lastName></lastName>
   <address1>1317 Rhode Island Ave, NW  #406</address1>
   <address2></address2>
   <city>Washington</city>
   <state>DC</state>
   <zip>20005</zip>
   <zipext></zipext>
   <country>USA</country>
   <principal_city></principal_city>
   <principal_state></principal_state>
   <principal_zip></principal_zip>
   <principal_zipext></principal_zipext>
   <principal_country></principal_country>
   <registrantGeneralDescription>Government relations and strategic consulting firm</registrantGeneralDescription>
   <selfSelect>N</selfSelect>
   <clientName>Labor Consultants, Inc.</clientName>
   <clientAddress>P.O. Box 206</clientAddress>
   <clientCity>Watson</clientCity>
   <clientState>LA</clientState>
   <clientZip>70786</clientZip>
   <clientZipExt>0206</clientZipExt>
   <clientCountry>USA</clientCountry>
   <prinClientCity></prinClientCity>
   <prinClientState></prinClientState>
   <prinClientZip></prinClientZip>
   <prinClientZipExt></prinClientZipExt>
   <prinClientCountry></prinClientCountry>
   <clientGeneralDescription>Consultant on employment and labor law</clientGeneralDescription>
   <senateID>400534598</senateID>
   <houseID>411230003</houseID>
   <lobbyists>
      <lobbyist>
         <lobbyistFirstName>Christopher</lobbyistFirstName>
         <lobbyistLastName>Strobel</lobbyistLastName>
         <lobbyistSuffix></lobbyistSuffix>
         <coveredPosition>Chief of Staff, U.S. Rep. Betty Sutton</coveredPosition>
         <lobbyistNew>Y</lobbyistNew>
      </lobbyist>
      <lobbyist>
         <lobbyistFirstName>Christopher</lobbyistFirstName>
         <lobbyistLastName>Strobel</lobbyistLastName>
         <lobbyistSuffix></lobbyistSuffix>
         <coveredPosition>Asst. to the Secretary, U.S. Dept. of Transportation</coveredPosition>
         <lobbyistNew>Y</lobbyistNew>
      </lobbyist>
      <lobbyist>
         <lobbyistFirstName>Christopher</lobbyistFirstName>
         <lobbyistLastName>Strobel</lobbyistLastName>
         <lobbyistSuffix></lobbyistSuffix>
         <coveredPosition>Deputy Chief of Staff for Policy, U.S. Dept. of Commerce</coveredPosition>
         <lobbyistNew>Y</lobbyistNew>
      </lobbyist>
      <lobbyist>
         <lobbyistFirstName>Christopher</lobbyistFirstName>
         <lobbyistLastName>Strobel</lobbyistLastName>
         <lobbyistSuffix></lobbyistSuffix>
         <coveredPosition>Legislative Director, U.S. Rep. Norman Y. Mineta</coveredPosition>
         <lobbyistNew>Y</lobbyistNew>
      </lobbyist>
      <lobbyist>
         <lobbyistFirstName>James</lobbyistFirstName>
         <lobbyistLastName>Wiggins</lobbyistLastName>
         <lobbyistSuffix></lobbyistSuffix>
         <coveredPosition>Assoc. Administrator, PHMSA, U.S. Dept. of Transportation</coveredPosition>
         <lobbyistNew>Y</lobbyistNew>
      </lobbyist>
   </lobbyists>
   <alis>
      <ali_Code>LBR</ali_Code>
      <ali_Code>HCR</ali_Code>
      <ali_Code>IMM</ali_Code>
      <ali_Code></ali_Code>
      <ali_Code></ali_Code>
      <ali_Code></ali_Code>
      <ali_Code></ali_Code>
      <ali_Code></ali_Code>
      <ali_Code></ali_Code>
   </alis>
   <specific_issues>Implementation of the Affordable Care Act
Immigration issues affecting temporary work authorizations and employer compliance
Monitoring issues relating to Fair Labor Standards Act and Family and Medical Leave Act enforcement
</specific_issues>
   <affiliatedUrl></affiliatedUrl>
   <affiliatedOrgs>
      <affiliatedOrg>
         <affiliatedOrgName></affiliatedOrgName>
         <affiliatedOrgAddress></affiliatedOrgAddress>
         <affiliatedOrgCity></affiliatedOrgCity>
         <affiliatedOrgState></affiliatedOrgState>
         <affiliatedOrgZip></affiliatedOrgZip>
         <affiliatedOrgCountry></affiliatedOrgCountry>
         <affiliatedPrinOrgCity></affiliatedPrinOrgCity>
         <affiliatedPrinOrgState></affiliatedPrinOrgState>
         <affiliatedPrinOrgCountry></affiliatedPrinOrgCountry>
      </affiliatedOrg>
      <affiliatedOrg>
         <affiliatedOrgName></affiliatedOrgName>
         <affiliatedOrgAddress></affiliatedOrgAddress>
         <affiliatedOrgCity></affiliatedOrgCity>
         <affiliatedOrgState></affiliatedOrgState>
         <affiliatedOrgZip></affiliatedOrgZip>
         <affiliatedOrgCountry></affiliatedOrgCountry>
         <affiliatedPrinOrgCity></affiliatedPrinOrgCity>
         <affiliatedPrinOrgState></affiliatedPrinOrgState>
         <affiliatedPrinOrgCountry></affiliatedPrinOrgCountry>
      </affiliatedOrg>
      <affiliatedOrg>
         <affiliatedOrgName></affiliatedOrgName>
         <affiliatedOrgAddress></affiliatedOrgAddress>
         <affiliatedOrgCity></affiliatedOrgCity>
         <affiliatedOrgState></affiliatedOrgState>
         <affiliatedOrgZip></affiliatedOrgZip>
         <affiliatedOrgCountry></affiliatedOrgCountry>
         <affiliatedPrinOrgCity></affiliatedPrinOrgCity>
         <affiliatedPrinOrgState></affiliatedPrinOrgState>
         <affiliatedPrinOrgCountry></affiliatedPrinOrgCountry>
      </affiliatedOrg>
   </affiliatedOrgs>
   <foreignEntities>
      <foreignEntity>
         <name></name>
         <address></address>
         <city></city>
         <state></state>
         <country></country>
         <prinCity></prinCity>
         <prinState></prinState>
         <prinCountry></prinCountry>
         <contribution></contribution>
         <ownership_Percentage></ownership_Percentage>
      </foreignEntity>
      <foreignEntity>
         <name></name>
         <address></address>
         <city></city>
         <state></state>
         <country></country>
         <prinCity></prinCity>
         <prinState></prinState>
         <prinCountry></prinCountry>
         <contribution></contribution>
         <ownership_Percentage></ownership_Percentage>
      </foreignEntity>
   </foreignEntities>
   <reportYear>2012</reportYear>
   <reportType>RR</reportType>
   <effectiveDate>12/06/2012</effectiveDate>
   <printedName>Christopher W. Strobel, Principal</printedName>
   <signedDate>12/06/2012</signedDate>
</LOBBYINGDISCLOSURE1>