<?xml version="1.0"?>
<?xml-stylesheet type='text/xsl' href='../../ld1.xsl'?>
<LOBBYINGDISCLOSURE1>
   <imported>N</imported>
   <pages>2</pages>
   <regType>2</regType>
   <organizationName>Squire Sanders Public Advocacy, LLC</organizationName>
   <prefix></prefix>
   <firstName></firstName>
   <lastName></lastName>
   <address1>1200 19th Street, NW</address1>
   <address2>Suite 300</address2>
   <city>Washington</city>
   <state>DC</state>
   <zip>20036</zip>
   <zipext></zipext>
   <country>USA</country>
   <principal_city></principal_city>
   <principal_state></principal_state>
   <principal_zip></principal_zip>
   <principal_zipext></principal_zipext>
   <principal_country></principal_country>
   <registrantGeneralDescription>lobbying</registrantGeneralDescription>
   <selfSelect>N</selfSelect>
   <clientName>Northern California Glass Management Association</clientName>
   <clientAddress>5677 Horton Street</clientAddress>
   <clientCity>Emeryville</clientCity>
   <clientState>CA</clientState>
   <clientZip>94608</clientZip>
   <clientZipExt></clientZipExt>
   <clientCountry>USA</clientCountry>
   <prinClientCity></prinClientCity>
   <prinClientState></prinClientState>
   <prinClientZip></prinClientZip>
   <prinClientZipExt></prinClientZipExt>
   <prinClientCountry></prinClientCountry>
   <clientGeneralDescription>Represent curtain wall producers</clientGeneralDescription>
   <senateID>318072</senateID>
   <houseID>393450034</houseID>
   <lobbyists>
      <lobbyist>
         <lobbyistFirstName>David M.</lobbyistFirstName>
         <lobbyistLastName>Spooner</lobbyistLastName>
         <lobbyistSuffix></lobbyistSuffix>
         <coveredPosition>Special Textile Negotiator, USTR 2002-2006;</coveredPosition>
         <lobbyistNew>Y</lobbyistNew>
      </lobbyist>
      <lobbyist>
         <lobbyistFirstName>David M.</lobbyistFirstName>
         <lobbyistLastName>Spooner</lobbyistLastName>
         <lobbyistSuffix></lobbyistSuffix>
         <coveredPosition>Asst. Secretary for Import Administration, DOC 2006-2009</coveredPosition>
         <lobbyistNew>Y</lobbyistNew>
      </lobbyist>
      <lobbyist>
         <lobbyistFirstName></lobbyistFirstName>
         <lobbyistLastName></lobbyistLastName>
         <lobbyistSuffix></lobbyistSuffix>
         <coveredPosition></coveredPosition>
         <lobbyistNew>Y</lobbyistNew>
      </lobbyist>
      <lobbyist>
         <lobbyistFirstName></lobbyistFirstName>
         <lobbyistLastName></lobbyistLastName>
         <lobbyistSuffix></lobbyistSuffix>
         <coveredPosition></coveredPosition>
         <lobbyistNew>Y</lobbyistNew>
      </lobbyist>
      <lobbyist>
         <lobbyistFirstName></lobbyistFirstName>
         <lobbyistLastName></lobbyistLastName>
         <lobbyistSuffix></lobbyistSuffix>
         <coveredPosition></coveredPosition>
         <lobbyistNew>Y</lobbyistNew>
      </lobbyist>
   </lobbyists>
   <alis>
      <ali_Code>TRD</ali_Code>
      <ali_Code>TAR</ali_Code>
      <ali_Code></ali_Code>
      <ali_Code></ali_Code>
      <ali_Code></ali_Code>
      <ali_Code></ali_Code>
      <ali_Code></ali_Code>
      <ali_Code></ali_Code>
      <ali_Code></ali_Code>
   </alis>
   <specific_issues>Trade remedy scope proceedings</specific_issues>
   <affiliatedUrl>http://www.ncgma.net/index.html      5677 Horton Street, Emeryville, CA  94608  </affiliatedUrl>
   <affiliatedOrgs>
      <affiliatedOrg>
         <affiliatedOrgName>Apogee Enterprises, Inc.</affiliatedOrgName>
         <affiliatedOrgAddress>4440 West 78th Street  #520</affiliatedOrgAddress>
         <affiliatedOrgCity>Minneapolis</affiliatedOrgCity>
         <affiliatedOrgState>MN</affiliatedOrgState>
         <affiliatedOrgZip>55435</affiliatedOrgZip>
         <affiliatedOrgCountry>USA</affiliatedOrgCountry>
         <affiliatedPrinOrgCity>Minneapolis</affiliatedPrinOrgCity>
         <affiliatedPrinOrgState>MN</affiliatedPrinOrgState>
         <affiliatedPrinOrgCountry>USA</affiliatedPrinOrgCountry>
      </affiliatedOrg>
      <affiliatedOrg>
         <affiliatedOrgName>Bagatelos Architectural Glass System</affiliatedOrgName>
         <affiliatedOrgAddress>2750 Redding Avenue</affiliatedOrgAddress>
         <affiliatedOrgCity>Sacramento</affiliatedOrgCity>
         <affiliatedOrgState>CA</affiliatedOrgState>
         <affiliatedOrgZip>95820</affiliatedOrgZip>
         <affiliatedOrgCountry>USA</affiliatedOrgCountry>
         <affiliatedPrinOrgCity>Sacramento</affiliatedPrinOrgCity>
         <affiliatedPrinOrgState>CA</affiliatedPrinOrgState>
         <affiliatedPrinOrgCountry>USA</affiliatedPrinOrgCountry>
      </affiliatedOrg>
      <affiliatedOrg>
         <affiliatedOrgName>Architectural Glass &amp; Aluminum</affiliatedOrgName>
         <affiliatedOrgAddress>1151 Marina Village Parkway; #101</affiliatedOrgAddress>
         <affiliatedOrgCity>Alameda</affiliatedOrgCity>
         <affiliatedOrgState>CA</affiliatedOrgState>
         <affiliatedOrgZip>94501</affiliatedOrgZip>
         <affiliatedOrgCountry>USA</affiliatedOrgCountry>
         <affiliatedPrinOrgCity>Alameda</affiliatedPrinOrgCity>
         <affiliatedPrinOrgState>CA</affiliatedPrinOrgState>
         <affiliatedPrinOrgCountry>USA</affiliatedPrinOrgCountry>
      </affiliatedOrg>
   </affiliatedOrgs>
   <foreignEntities>
      <foreignEntity>
         <name></name>
         <address></address>
         <city></city>
         <state></state>
         <country></country>
         <prinCity></prinCity>
         <prinState></prinState>
         <prinCountry></prinCountry>
         <contribution></contribution>
         <ownership_Percentage></ownership_Percentage>
      </foreignEntity>
      <foreignEntity>
         <name></name>
         <address></address>
         <city></city>
         <state></state>
         <country></country>
         <prinCity></prinCity>
         <prinState></prinState>
         <prinCountry></prinCountry>
         <contribution></contribution>
         <ownership_Percentage></ownership_Percentage>
      </foreignEntity>
   </foreignEntities>
   <reportYear>2012</reportYear>
   <reportType>RR</reportType>
   <effectiveDate>08/28/2012</effectiveDate>
   <printedName>David M. Spooner, of Council -- Squire Sanders Public Advocacy, LLC</printedName>
   <signedDate>11/14/2012</signedDate>
</LOBBYINGDISCLOSURE1>