<LOBBYINGDISCLOSURE1>
  <imported>N</imported>
  <pages>3</pages>
  <regType>2</regType>
  <organizationName>Broydrick &amp; Associates</organizationName>
  <prefix>Mr.</prefix>
  <firstName></firstName>
  <lastName></lastName>
  <address1>444 N. Capitol St., NW, Suite 837</address1>
  <address2></address2>
  <city>Washington</city>
  <state>DC</state>
  <zip>20001</zip>
  <zipext></zipext>
  <country>USA</country>
  <principal_city></principal_city>
  <principal_state></principal_state>
  <principal_zip></principal_zip>
  <principal_zipext></principal_zipext>
  <principal_country></principal_country>
  <contactIntlPhone />
  <registrantGeneralDescription>Lobbyists</registrantGeneralDescription>
  <selfSelect>N</selfSelect>
  <clientName>Society's Assets</clientName>
  <clientAddress>5200 Washington Ave., Suite 225</clientAddress>
  <clientCity>Racine</clientCity>
  <clientState>WI</clientState>
  <clientZip>53406</clientZip>
  <clientZipExt></clientZipExt>
  <clientCountry>USA</clientCountry>
  <prinClientCity></prinClientCity>
  <prinClientState></prinClientState>
  <prinClientZip></prinClientZip>
  <prinClientZipExt></prinClientZipExt>
  <prinClientCountry></prinClientCountry>
  <clientGeneralDescription>Assisted living centers for the elderly and disabled</clientGeneralDescription>
  <senateID>7268</senateID>
  <houseID>324050125</houseID>
  <lobbyists>
    <lobbyist>
      <lobbyistFirstName>William</lobbyistFirstName>
      <lobbyistLastName>Broydrick</lobbyistLastName>
      <lobbyistSuffix></lobbyistSuffix>
      <coveredPosition></coveredPosition>
      <lobbyistNew>Y</lobbyistNew>
    </lobbyist>
    <lobbyist>
      <lobbyistFirstName></lobbyistFirstName>
      <lobbyistLastName></lobbyistLastName>
      <lobbyistSuffix></lobbyistSuffix>
      <coveredPosition></coveredPosition>
      <lobbyistNew>Y</lobbyistNew>
    </lobbyist>
    <lobbyist>
      <lobbyistFirstName></lobbyistFirstName>
      <lobbyistLastName></lobbyistLastName>
      <lobbyistSuffix></lobbyistSuffix>
      <coveredPosition></coveredPosition>
      <lobbyistNew>Y</lobbyistNew>
    </lobbyist>
    <lobbyist>
      <lobbyistFirstName></lobbyistFirstName>
      <lobbyistLastName></lobbyistLastName>
      <lobbyistSuffix></lobbyistSuffix>
      <coveredPosition></coveredPosition>
      <lobbyistNew>Y</lobbyistNew>
    </lobbyist>
    <lobbyist>
      <lobbyistFirstName></lobbyistFirstName>
      <lobbyistLastName></lobbyistLastName>
      <lobbyistSuffix></lobbyistSuffix>
      <coveredPosition></coveredPosition>
      <lobbyistNew>Y</lobbyistNew>
    </lobbyist>
    <lobbyist>
      <lobbyistFirstName></lobbyistFirstName>
      <lobbyistLastName></lobbyistLastName>
      <lobbyistSuffix></lobbyistSuffix>
      <coveredPosition></coveredPosition>
      <lobbyistNew>Y</lobbyistNew>
    </lobbyist>
    <lobbyist>
      <lobbyistFirstName></lobbyistFirstName>
      <lobbyistLastName></lobbyistLastName>
      <lobbyistSuffix></lobbyistSuffix>
      <coveredPosition></coveredPosition>
      <lobbyistNew>Y</lobbyistNew>
    </lobbyist>
    <lobbyist>
      <lobbyistFirstName></lobbyistFirstName>
      <lobbyistLastName></lobbyistLastName>
      <lobbyistSuffix></lobbyistSuffix>
      <coveredPosition></coveredPosition>
      <lobbyistNew>Y</lobbyistNew>
    </lobbyist>
    <lobbyist>
      <lobbyistFirstName></lobbyistFirstName>
      <lobbyistLastName></lobbyistLastName>
      <lobbyistSuffix></lobbyistSuffix>
      <coveredPosition></coveredPosition>
      <lobbyistNew>Y</lobbyistNew>
    </lobbyist>
    <lobbyist>
      <lobbyistFirstName></lobbyistFirstName>
      <lobbyistLastName></lobbyistLastName>
      <lobbyistSuffix></lobbyistSuffix>
      <coveredPosition></coveredPosition>
      <lobbyistNew>Y</lobbyistNew>
    </lobbyist>
    <lobbyist>
      <lobbyistFirstName></lobbyistFirstName>
      <lobbyistLastName></lobbyistLastName>
      <lobbyistSuffix></lobbyistSuffix>
      <coveredPosition></coveredPosition>
      <lobbyistNew>Y</lobbyistNew>
    </lobbyist>
  </lobbyists>
  <alis>
    <ali_Code>HCR</ali_Code>
    <ali_Code></ali_Code>
    <ali_Code></ali_Code>
    <ali_Code></ali_Code>
    <ali_Code></ali_Code>
    <ali_Code></ali_Code>
    <ali_Code></ali_Code>
    <ali_Code></ali_Code>
    <ali_Code></ali_Code>
    <ali_Code></ali_Code>
    <ali_Code></ali_Code>
    <ali_Code></ali_Code>
    <ali_Code></ali_Code>
    <ali_Code></ali_Code>
    <ali_Code></ali_Code>
    <ali_Code></ali_Code>
    <ali_Code></ali_Code>
    <ali_Code></ali_Code>
  </alis>
  <specific_issues>Proposed amendment to health care bill regarding employer mandate language.</specific_issues>
  <affiliatedUrl></affiliatedUrl>
  <affiliatedOrgs>
    <affiliatedOrg>
      <affiliatedOrgName></affiliatedOrgName>
      <affiliatedOrgAddress></affiliatedOrgAddress>
      <affiliatedOrgCity></affiliatedOrgCity>
      <affiliatedOrgState></affiliatedOrgState>
      <affiliatedOrgZip></affiliatedOrgZip>
      <affiliatedOrgCountry></affiliatedOrgCountry>
      <affiliatedPrinOrgCity></affiliatedPrinOrgCity>
      <affiliatedPrinOrgState></affiliatedPrinOrgState>
      <affiliatedPrinOrgCountry></affiliatedPrinOrgCountry>
    </affiliatedOrg>
    <affiliatedOrg>
      <affiliatedOrgName></affiliatedOrgName>
      <affiliatedOrgAddress></affiliatedOrgAddress>
      <affiliatedOrgCity></affiliatedOrgCity>
      <affiliatedOrgState></affiliatedOrgState>
      <affiliatedOrgZip></affiliatedOrgZip>
      <affiliatedOrgCountry></affiliatedOrgCountry>
      <affiliatedPrinOrgCity></affiliatedPrinOrgCity>
      <affiliatedPrinOrgState></affiliatedPrinOrgState>
      <affiliatedPrinOrgCountry></affiliatedPrinOrgCountry>
    </affiliatedOrg>
    <affiliatedOrg>
      <affiliatedOrgName></affiliatedOrgName>
      <affiliatedOrgAddress></affiliatedOrgAddress>
      <affiliatedOrgCity></affiliatedOrgCity>
      <affiliatedOrgState></affiliatedOrgState>
      <affiliatedOrgZip></affiliatedOrgZip>
      <affiliatedOrgCountry></affiliatedOrgCountry>
      <affiliatedPrinOrgCity></affiliatedPrinOrgCity>
      <affiliatedPrinOrgState></affiliatedPrinOrgState>
      <affiliatedPrinOrgCountry></affiliatedPrinOrgCountry>
    </affiliatedOrg>
    <affiliatedOrg>
      <affiliatedOrgName></affiliatedOrgName>
      <affiliatedOrgAddress></affiliatedOrgAddress>
      <affiliatedOrgCity></affiliatedOrgCity>
      <affiliatedOrgState></affiliatedOrgState>
      <affiliatedOrgZip></affiliatedOrgZip>
      <affiliatedOrgCountry></affiliatedOrgCountry>
      <affiliatedPrinOrgCity></affiliatedPrinOrgCity>
      <affiliatedPrinOrgState></affiliatedPrinOrgState>
      <affiliatedPrinOrgCountry></affiliatedPrinOrgCountry>
    </affiliatedOrg>
    <affiliatedOrg>
      <affiliatedOrgName></affiliatedOrgName>
      <affiliatedOrgAddress></affiliatedOrgAddress>
      <affiliatedOrgCity></affiliatedOrgCity>
      <affiliatedOrgState></affiliatedOrgState>
      <affiliatedOrgZip></affiliatedOrgZip>
      <affiliatedOrgCountry></affiliatedOrgCountry>
      <affiliatedPrinOrgCity></affiliatedPrinOrgCity>
      <affiliatedPrinOrgState></affiliatedPrinOrgState>
      <affiliatedPrinOrgCountry></affiliatedPrinOrgCountry>
    </affiliatedOrg>
    <affiliatedOrg>
      <affiliatedOrgName></affiliatedOrgName>
      <affiliatedOrgAddress></affiliatedOrgAddress>
      <affiliatedOrgCity></affiliatedOrgCity>
      <affiliatedOrgState></affiliatedOrgState>
      <affiliatedOrgZip></affiliatedOrgZip>
      <affiliatedOrgCountry></affiliatedOrgCountry>
      <affiliatedPrinOrgCity></affiliatedPrinOrgCity>
      <affiliatedPrinOrgState></affiliatedPrinOrgState>
      <affiliatedPrinOrgCountry></affiliatedPrinOrgCountry>
    </affiliatedOrg>
  </affiliatedOrgs>
  <foreignEntities>
    <foreignEntity>
      <name></name>
      <address></address>
      <city></city>
      <state></state>
      <country></country>
      <prinCity></prinCity>
      <prinState></prinState>
      <prinCountry></prinCountry>
      <contribution></contribution>
      <ownership_Percentage></ownership_Percentage>
    </foreignEntity>
    <foreignEntity>
      <name></name>
      <address></address>
      <city></city>
      <state></state>
      <country></country>
      <prinCity></prinCity>
      <prinState></prinState>
      <prinCountry></prinCountry>
      <contribution></contribution>
      <ownership_Percentage></ownership_Percentage>
    </foreignEntity>
    <foreignEntity>
      <name></name>
      <address></address>
      <city></city>
      <state></state>
      <country></country>
      <prinCity></prinCity>
      <prinState></prinState>
      <prinCountry></prinCountry>
      <contribution></contribution>
      <ownership_Percentage></ownership_Percentage>
    </foreignEntity>
    <foreignEntity>
      <name></name>
      <address></address>
      <city></city>
      <state></state>
      <country></country>
      <prinCity></prinCity>
      <prinState></prinState>
      <prinCountry></prinCountry>
      <contribution></contribution>
      <ownership_Percentage></ownership_Percentage>
    </foreignEntity>
    <foreignEntity>
      <name></name>
      <address></address>
      <city></city>
      <state></state>
      <country></country>
      <prinCity></prinCity>
      <prinState></prinState>
      <prinCountry></prinCountry>
      <contribution></contribution>
      <ownership_Percentage></ownership_Percentage>
    </foreignEntity>
  </foreignEntities>
  <reportYear>2010</reportYear>
  <reportType>RR</reportType>
  <effectiveDate>01/04/2010</effectiveDate>
  <printedName>Cynthia Broydrick, President</printedName>
  <signedDate>1/4/2010</signedDate>
  <signerEmail>cindib@broydrick.com</signerEmail>
</LOBBYINGDISCLOSURE1>