<LOBBYINGDISCLOSURE1>
  <imported>N</imported>
  <pages>3</pages>
  <regType>2</regType>
  <organizationName>G.T. Bynum Consulting, LLC</organizationName>
  <prefix>Mr.</prefix>
  <firstName></firstName>
  <lastName></lastName>
  <address1>320 S. Boston Ave.</address1>
  <address2>Ste. 1026</address2>
  <city>Tulsa</city>
  <state>OK</state>
  <zip>74103</zip>
  <zipext></zipext>
  <country>USA</country>
  <principal_city></principal_city>
  <principal_state></principal_state>
  <principal_zip></principal_zip>
  <principal_zipext></principal_zipext>
  <principal_country></principal_country>
  <contactIntlPhone />
  <registrantGeneralDescription>Lobbying</registrantGeneralDescription>
  <selfSelect>N</selfSelect>
  <clientName>George Kaiser Family Foundation</clientName>
  <clientAddress>7030 S. Yale - Ste. 600</clientAddress>
  <clientCity>Tulsa</clientCity>
  <clientState>OK</clientState>
  <clientZip>74136</clientZip>
  <clientZipExt></clientZipExt>
  <clientCountry>USA</clientCountry>
  <prinClientCity></prinClientCity>
  <prinClientState></prinClientState>
  <prinClientZip></prinClientZip>
  <prinClientZipExt></prinClientZipExt>
  <prinClientCountry></prinClientCountry>
  <clientGeneralDescription>Charitable organization</clientGeneralDescription>
  <senateID>400490410</senateID>
  <houseID>409940001</houseID>
  <lobbyists>
    <lobbyist>
      <lobbyistFirstName>G.T.</lobbyistFirstName>
      <lobbyistLastName>Bynum</lobbyistLastName>
      <lobbyistSuffix></lobbyistSuffix>
      <coveredPosition>U.S. Senator Tom Coburn, Leg. Asst. (2005)</coveredPosition>
      <lobbyistNew>Y</lobbyistNew>
    </lobbyist>
    <lobbyist>
      <lobbyistFirstName>G.T.</lobbyistFirstName>
      <lobbyistLastName>Bynum</lobbyistLastName>
      <lobbyistSuffix></lobbyistSuffix>
      <coveredPosition>U.S. Senator Don Nickles, Leg. Asst. (2000-2005)</coveredPosition>
      <lobbyistNew>Y</lobbyistNew>
    </lobbyist>
    <lobbyist>
      <lobbyistFirstName></lobbyistFirstName>
      <lobbyistLastName></lobbyistLastName>
      <lobbyistSuffix></lobbyistSuffix>
      <coveredPosition></coveredPosition>
      <lobbyistNew>Y</lobbyistNew>
    </lobbyist>
    <lobbyist>
      <lobbyistFirstName></lobbyistFirstName>
      <lobbyistLastName></lobbyistLastName>
      <lobbyistSuffix></lobbyistSuffix>
      <coveredPosition></coveredPosition>
      <lobbyistNew>Y</lobbyistNew>
    </lobbyist>
    <lobbyist>
      <lobbyistFirstName></lobbyistFirstName>
      <lobbyistLastName></lobbyistLastName>
      <lobbyistSuffix></lobbyistSuffix>
      <coveredPosition></coveredPosition>
      <lobbyistNew>Y</lobbyistNew>
    </lobbyist>
    <lobbyist>
      <lobbyistFirstName></lobbyistFirstName>
      <lobbyistLastName></lobbyistLastName>
      <lobbyistSuffix></lobbyistSuffix>
      <coveredPosition></coveredPosition>
      <lobbyistNew>Y</lobbyistNew>
    </lobbyist>
    <lobbyist>
      <lobbyistFirstName></lobbyistFirstName>
      <lobbyistLastName></lobbyistLastName>
      <lobbyistSuffix></lobbyistSuffix>
      <coveredPosition></coveredPosition>
      <lobbyistNew>Y</lobbyistNew>
    </lobbyist>
    <lobbyist>
      <lobbyistFirstName></lobbyistFirstName>
      <lobbyistLastName></lobbyistLastName>
      <lobbyistSuffix></lobbyistSuffix>
      <coveredPosition></coveredPosition>
      <lobbyistNew>Y</lobbyistNew>
    </lobbyist>
    <lobbyist>
      <lobbyistFirstName></lobbyistFirstName>
      <lobbyistLastName></lobbyistLastName>
      <lobbyistSuffix></lobbyistSuffix>
      <coveredPosition></coveredPosition>
      <lobbyistNew>Y</lobbyistNew>
    </lobbyist>
    <lobbyist>
      <lobbyistFirstName></lobbyistFirstName>
      <lobbyistLastName></lobbyistLastName>
      <lobbyistSuffix></lobbyistSuffix>
      <coveredPosition></coveredPosition>
      <lobbyistNew>Y</lobbyistNew>
    </lobbyist>
    <lobbyist>
      <lobbyistFirstName></lobbyistFirstName>
      <lobbyistLastName></lobbyistLastName>
      <lobbyistSuffix></lobbyistSuffix>
      <coveredPosition></coveredPosition>
      <lobbyistNew>Y</lobbyistNew>
    </lobbyist>
  </lobbyists>
  <alis>
    <ali_Code>HCR</ali_Code>
    <ali_Code>TRA</ali_Code>
    <ali_Code>LAW</ali_Code>
    <ali_Code>NAT</ali_Code>
    <ali_Code></ali_Code>
    <ali_Code></ali_Code>
    <ali_Code></ali_Code>
    <ali_Code></ali_Code>
    <ali_Code></ali_Code>
    <ali_Code></ali_Code>
    <ali_Code></ali_Code>
    <ali_Code></ali_Code>
    <ali_Code></ali_Code>
    <ali_Code></ali_Code>
    <ali_Code></ali_Code>
    <ali_Code></ali_Code>
    <ali_Code></ali_Code>
    <ali_Code></ali_Code>
  </alis>
  <specific_issues>Expanded access to and improved healthcare in Oklahoma through the Oklahoma State University Medical Center; trail revitalization; female incarceration rates; and Arkansas River low water dam development.</specific_issues>
  <affiliatedUrl></affiliatedUrl>
  <affiliatedOrgs>
    <affiliatedOrg>
      <affiliatedOrgName></affiliatedOrgName>
      <affiliatedOrgAddress></affiliatedOrgAddress>
      <affiliatedOrgCity></affiliatedOrgCity>
      <affiliatedOrgState></affiliatedOrgState>
      <affiliatedOrgZip></affiliatedOrgZip>
      <affiliatedOrgCountry></affiliatedOrgCountry>
      <affiliatedPrinOrgCity></affiliatedPrinOrgCity>
      <affiliatedPrinOrgState></affiliatedPrinOrgState>
      <affiliatedPrinOrgCountry></affiliatedPrinOrgCountry>
    </affiliatedOrg>
    <affiliatedOrg>
      <affiliatedOrgName></affiliatedOrgName>
      <affiliatedOrgAddress></affiliatedOrgAddress>
      <affiliatedOrgCity></affiliatedOrgCity>
      <affiliatedOrgState></affiliatedOrgState>
      <affiliatedOrgZip></affiliatedOrgZip>
      <affiliatedOrgCountry></affiliatedOrgCountry>
      <affiliatedPrinOrgCity></affiliatedPrinOrgCity>
      <affiliatedPrinOrgState></affiliatedPrinOrgState>
      <affiliatedPrinOrgCountry></affiliatedPrinOrgCountry>
    </affiliatedOrg>
    <affiliatedOrg>
      <affiliatedOrgName></affiliatedOrgName>
      <affiliatedOrgAddress></affiliatedOrgAddress>
      <affiliatedOrgCity></affiliatedOrgCity>
      <affiliatedOrgState></affiliatedOrgState>
      <affiliatedOrgZip></affiliatedOrgZip>
      <affiliatedOrgCountry></affiliatedOrgCountry>
      <affiliatedPrinOrgCity></affiliatedPrinOrgCity>
      <affiliatedPrinOrgState></affiliatedPrinOrgState>
      <affiliatedPrinOrgCountry></affiliatedPrinOrgCountry>
    </affiliatedOrg>
    <affiliatedOrg>
      <affiliatedOrgName></affiliatedOrgName>
      <affiliatedOrgAddress></affiliatedOrgAddress>
      <affiliatedOrgCity></affiliatedOrgCity>
      <affiliatedOrgState></affiliatedOrgState>
      <affiliatedOrgZip></affiliatedOrgZip>
      <affiliatedOrgCountry></affiliatedOrgCountry>
      <affiliatedPrinOrgCity></affiliatedPrinOrgCity>
      <affiliatedPrinOrgState></affiliatedPrinOrgState>
      <affiliatedPrinOrgCountry></affiliatedPrinOrgCountry>
    </affiliatedOrg>
    <affiliatedOrg>
      <affiliatedOrgName></affiliatedOrgName>
      <affiliatedOrgAddress></affiliatedOrgAddress>
      <affiliatedOrgCity></affiliatedOrgCity>
      <affiliatedOrgState></affiliatedOrgState>
      <affiliatedOrgZip></affiliatedOrgZip>
      <affiliatedOrgCountry></affiliatedOrgCountry>
      <affiliatedPrinOrgCity></affiliatedPrinOrgCity>
      <affiliatedPrinOrgState></affiliatedPrinOrgState>
      <affiliatedPrinOrgCountry></affiliatedPrinOrgCountry>
    </affiliatedOrg>
    <affiliatedOrg>
      <affiliatedOrgName></affiliatedOrgName>
      <affiliatedOrgAddress></affiliatedOrgAddress>
      <affiliatedOrgCity></affiliatedOrgCity>
      <affiliatedOrgState></affiliatedOrgState>
      <affiliatedOrgZip></affiliatedOrgZip>
      <affiliatedOrgCountry></affiliatedOrgCountry>
      <affiliatedPrinOrgCity></affiliatedPrinOrgCity>
      <affiliatedPrinOrgState></affiliatedPrinOrgState>
      <affiliatedPrinOrgCountry></affiliatedPrinOrgCountry>
    </affiliatedOrg>
  </affiliatedOrgs>
  <foreignEntities>
    <foreignEntity>
      <name></name>
      <address></address>
      <city></city>
      <state></state>
      <country></country>
      <prinCity></prinCity>
      <prinState></prinState>
      <prinCountry></prinCountry>
      <contribution></contribution>
      <ownership_Percentage></ownership_Percentage>
    </foreignEntity>
    <foreignEntity>
      <name></name>
      <address></address>
      <city></city>
      <state></state>
      <country></country>
      <prinCity></prinCity>
      <prinState></prinState>
      <prinCountry></prinCountry>
      <contribution></contribution>
      <ownership_Percentage></ownership_Percentage>
    </foreignEntity>
    <foreignEntity>
      <name></name>
      <address></address>
      <city></city>
      <state></state>
      <country></country>
      <prinCity></prinCity>
      <prinState></prinState>
      <prinCountry></prinCountry>
      <contribution></contribution>
      <ownership_Percentage></ownership_Percentage>
    </foreignEntity>
    <foreignEntity>
      <name></name>
      <address></address>
      <city></city>
      <state></state>
      <country></country>
      <prinCity></prinCity>
      <prinState></prinState>
      <prinCountry></prinCountry>
      <contribution></contribution>
      <ownership_Percentage></ownership_Percentage>
    </foreignEntity>
    <foreignEntity>
      <name></name>
      <address></address>
      <city></city>
      <state></state>
      <country></country>
      <prinCity></prinCity>
      <prinState></prinState>
      <prinCountry></prinCountry>
      <contribution></contribution>
      <ownership_Percentage></ownership_Percentage>
    </foreignEntity>
  </foreignEntities>
  <reportYear>2010</reportYear>
  <reportType>RR</reportType>
  <effectiveDate>01/12/2010</effectiveDate>
  <printedName>G.T. Bynum, President</printedName>
  <signedDate>1/13/2010</signedDate>
  <signerEmail>gt@gtbynumconsulting.com</signerEmail>
</LOBBYINGDISCLOSURE1>