<LOBBYINGDISCLOSURE1>
  <imported>N</imported>
  <pages>3</pages>
  <regType>2</regType>
  <organizationName></organizationName>
  <prefix>Mr.</prefix>
  <firstName>Debbie</firstName>
  <lastName>Weatherly</lastName>
  <address1>4022 Ellicott Street</address1>
  <address2></address2>
  <city>Alexandria</city>
  <state>VA</state>
  <zip>22304</zip>
  <zipext></zipext>
  <country>USA</country>
  <principal_city></principal_city>
  <principal_state></principal_state>
  <principal_zip></principal_zip>
  <principal_zipext></principal_zipext>
  <principal_country></principal_country>
  <contactIntlPhone />
  <registrantGeneralDescription>Environmental Consultant</registrantGeneralDescription>
  <selfSelect>Y</selfSelect>
  <clientName>Debbie Weatherly</clientName>
  <clientAddress></clientAddress>
  <clientCity></clientCity>
  <clientState></clientState>
  <clientZip></clientZip>
  <clientZipExt></clientZipExt>
  <clientCountry></clientCountry>
  <prinClientCity></prinClientCity>
  <prinClientState></prinClientState>
  <prinClientZip></prinClientZip>
  <prinClientZipExt></prinClientZipExt>
  <prinClientCountry></prinClientCountry>
  <clientGeneralDescription></clientGeneralDescription>
  <senateID>400498452</senateID>
  <houseID>410580001</houseID>
  <lobbyists>
    <lobbyist>
      <lobbyistFirstName>Debbie</lobbyistFirstName>
      <lobbyistLastName>Weatherly</lobbyistLastName>
      <lobbyistSuffix>Ms.</lobbyistSuffix>
      <coveredPosition></coveredPosition>
      <lobbyistNew>Y</lobbyistNew>
    </lobbyist>
    <lobbyist>
      <lobbyistFirstName></lobbyistFirstName>
      <lobbyistLastName></lobbyistLastName>
      <lobbyistSuffix></lobbyistSuffix>
      <coveredPosition></coveredPosition>
      <lobbyistNew>Y</lobbyistNew>
    </lobbyist>
    <lobbyist>
      <lobbyistFirstName></lobbyistFirstName>
      <lobbyistLastName></lobbyistLastName>
      <lobbyistSuffix></lobbyistSuffix>
      <coveredPosition></coveredPosition>
      <lobbyistNew>Y</lobbyistNew>
    </lobbyist>
    <lobbyist>
      <lobbyistFirstName></lobbyistFirstName>
      <lobbyistLastName></lobbyistLastName>
      <lobbyistSuffix></lobbyistSuffix>
      <coveredPosition></coveredPosition>
      <lobbyistNew>Y</lobbyistNew>
    </lobbyist>
    <lobbyist>
      <lobbyistFirstName></lobbyistFirstName>
      <lobbyistLastName></lobbyistLastName>
      <lobbyistSuffix></lobbyistSuffix>
      <coveredPosition></coveredPosition>
      <lobbyistNew>Y</lobbyistNew>
    </lobbyist>
    <lobbyist>
      <lobbyistFirstName></lobbyistFirstName>
      <lobbyistLastName></lobbyistLastName>
      <lobbyistSuffix></lobbyistSuffix>
      <coveredPosition></coveredPosition>
      <lobbyistNew>Y</lobbyistNew>
    </lobbyist>
    <lobbyist>
      <lobbyistFirstName></lobbyistFirstName>
      <lobbyistLastName></lobbyistLastName>
      <lobbyistSuffix></lobbyistSuffix>
      <coveredPosition></coveredPosition>
      <lobbyistNew>Y</lobbyistNew>
    </lobbyist>
    <lobbyist>
      <lobbyistFirstName></lobbyistFirstName>
      <lobbyistLastName></lobbyistLastName>
      <lobbyistSuffix></lobbyistSuffix>
      <coveredPosition></coveredPosition>
      <lobbyistNew>Y</lobbyistNew>
    </lobbyist>
    <lobbyist>
      <lobbyistFirstName></lobbyistFirstName>
      <lobbyistLastName></lobbyistLastName>
      <lobbyistSuffix></lobbyistSuffix>
      <coveredPosition></coveredPosition>
      <lobbyistNew>Y</lobbyistNew>
    </lobbyist>
    <lobbyist>
      <lobbyistFirstName></lobbyistFirstName>
      <lobbyistLastName></lobbyistLastName>
      <lobbyistSuffix></lobbyistSuffix>
      <coveredPosition></coveredPosition>
      <lobbyistNew>Y</lobbyistNew>
    </lobbyist>
    <lobbyist>
      <lobbyistFirstName></lobbyistFirstName>
      <lobbyistLastName></lobbyistLastName>
      <lobbyistSuffix></lobbyistSuffix>
      <coveredPosition></coveredPosition>
      <lobbyistNew>Y</lobbyistNew>
    </lobbyist>
  </lobbyists>
  <alis>
    <ali_Code>ART</ali_Code>
    <ali_Code></ali_Code>
    <ali_Code></ali_Code>
    <ali_Code></ali_Code>
    <ali_Code></ali_Code>
    <ali_Code></ali_Code>
    <ali_Code></ali_Code>
    <ali_Code></ali_Code>
    <ali_Code></ali_Code>
    <ali_Code></ali_Code>
    <ali_Code></ali_Code>
    <ali_Code></ali_Code>
    <ali_Code></ali_Code>
    <ali_Code></ali_Code>
    <ali_Code></ali_Code>
    <ali_Code></ali_Code>
    <ali_Code></ali_Code>
    <ali_Code></ali_Code>
  </alis>
  <specific_issues>Financing for concerts on lawn of the U.S. Capitol</specific_issues>
  <affiliatedUrl></affiliatedUrl>
  <affiliatedOrgs>
    <affiliatedOrg>
      <affiliatedOrgName></affiliatedOrgName>
      <affiliatedOrgAddress></affiliatedOrgAddress>
      <affiliatedOrgCity></affiliatedOrgCity>
      <affiliatedOrgState></affiliatedOrgState>
      <affiliatedOrgZip></affiliatedOrgZip>
      <affiliatedOrgCountry></affiliatedOrgCountry>
      <affiliatedPrinOrgCity></affiliatedPrinOrgCity>
      <affiliatedPrinOrgState></affiliatedPrinOrgState>
      <affiliatedPrinOrgCountry></affiliatedPrinOrgCountry>
    </affiliatedOrg>
    <affiliatedOrg>
      <affiliatedOrgName></affiliatedOrgName>
      <affiliatedOrgAddress></affiliatedOrgAddress>
      <affiliatedOrgCity></affiliatedOrgCity>
      <affiliatedOrgState></affiliatedOrgState>
      <affiliatedOrgZip></affiliatedOrgZip>
      <affiliatedOrgCountry></affiliatedOrgCountry>
      <affiliatedPrinOrgCity></affiliatedPrinOrgCity>
      <affiliatedPrinOrgState></affiliatedPrinOrgState>
      <affiliatedPrinOrgCountry></affiliatedPrinOrgCountry>
    </affiliatedOrg>
    <affiliatedOrg>
      <affiliatedOrgName></affiliatedOrgName>
      <affiliatedOrgAddress></affiliatedOrgAddress>
      <affiliatedOrgCity></affiliatedOrgCity>
      <affiliatedOrgState></affiliatedOrgState>
      <affiliatedOrgZip></affiliatedOrgZip>
      <affiliatedOrgCountry></affiliatedOrgCountry>
      <affiliatedPrinOrgCity></affiliatedPrinOrgCity>
      <affiliatedPrinOrgState></affiliatedPrinOrgState>
      <affiliatedPrinOrgCountry></affiliatedPrinOrgCountry>
    </affiliatedOrg>
    <affiliatedOrg>
      <affiliatedOrgName></affiliatedOrgName>
      <affiliatedOrgAddress></affiliatedOrgAddress>
      <affiliatedOrgCity></affiliatedOrgCity>
      <affiliatedOrgState></affiliatedOrgState>
      <affiliatedOrgZip></affiliatedOrgZip>
      <affiliatedOrgCountry></affiliatedOrgCountry>
      <affiliatedPrinOrgCity></affiliatedPrinOrgCity>
      <affiliatedPrinOrgState></affiliatedPrinOrgState>
      <affiliatedPrinOrgCountry></affiliatedPrinOrgCountry>
    </affiliatedOrg>
    <affiliatedOrg>
      <affiliatedOrgName></affiliatedOrgName>
      <affiliatedOrgAddress></affiliatedOrgAddress>
      <affiliatedOrgCity></affiliatedOrgCity>
      <affiliatedOrgState></affiliatedOrgState>
      <affiliatedOrgZip></affiliatedOrgZip>
      <affiliatedOrgCountry></affiliatedOrgCountry>
      <affiliatedPrinOrgCity></affiliatedPrinOrgCity>
      <affiliatedPrinOrgState></affiliatedPrinOrgState>
      <affiliatedPrinOrgCountry></affiliatedPrinOrgCountry>
    </affiliatedOrg>
    <affiliatedOrg>
      <affiliatedOrgName></affiliatedOrgName>
      <affiliatedOrgAddress></affiliatedOrgAddress>
      <affiliatedOrgCity></affiliatedOrgCity>
      <affiliatedOrgState></affiliatedOrgState>
      <affiliatedOrgZip></affiliatedOrgZip>
      <affiliatedOrgCountry></affiliatedOrgCountry>
      <affiliatedPrinOrgCity></affiliatedPrinOrgCity>
      <affiliatedPrinOrgState></affiliatedPrinOrgState>
      <affiliatedPrinOrgCountry></affiliatedPrinOrgCountry>
    </affiliatedOrg>
  </affiliatedOrgs>
  <foreignEntities>
    <foreignEntity>
      <name></name>
      <address></address>
      <city></city>
      <state></state>
      <country></country>
      <prinCity></prinCity>
      <prinState></prinState>
      <prinCountry></prinCountry>
      <contribution></contribution>
      <ownership_Percentage></ownership_Percentage>
    </foreignEntity>
    <foreignEntity>
      <name></name>
      <address></address>
      <city></city>
      <state></state>
      <country></country>
      <prinCity></prinCity>
      <prinState></prinState>
      <prinCountry></prinCountry>
      <contribution></contribution>
      <ownership_Percentage></ownership_Percentage>
    </foreignEntity>
    <foreignEntity>
      <name></name>
      <address></address>
      <city></city>
      <state></state>
      <country></country>
      <prinCity></prinCity>
      <prinState></prinState>
      <prinCountry></prinCountry>
      <contribution></contribution>
      <ownership_Percentage></ownership_Percentage>
    </foreignEntity>
    <foreignEntity>
      <name></name>
      <address></address>
      <city></city>
      <state></state>
      <country></country>
      <prinCity></prinCity>
      <prinState></prinState>
      <prinCountry></prinCountry>
      <contribution></contribution>
      <ownership_Percentage></ownership_Percentage>
    </foreignEntity>
    <foreignEntity>
      <name></name>
      <address></address>
      <city></city>
      <state></state>
      <country></country>
      <prinCity></prinCity>
      <prinState></prinState>
      <prinCountry></prinCountry>
      <contribution></contribution>
      <ownership_Percentage></ownership_Percentage>
    </foreignEntity>
  </foreignEntities>
  <reportYear>2010</reportYear>
  <reportType>RR</reportType>
  <effectiveDate>01/25/2010</effectiveDate>
  <printedName>Debbie Weatherly, no title</printedName>
  <signedDate>1/19/2010</signedDate>
  <signerEmail>debbie_weatherly@comcast.net</signerEmail>
</LOBBYINGDISCLOSURE1>