<?xml version="1.0"?>
<?xml-stylesheet type='text/xsl' href='../../ld1.xsl'?>
<LOBBYINGDISCLOSURE1>
   <imported>N</imported>
   <pages>2</pages>
   <regType>3</regType>
   <organizationName>Bruce Lehman</organizationName>
   <prefix></prefix>
   <firstName></firstName>
   <lastName></lastName>
   <address1>700 7th Street SW #427</address1>
   <address2></address2>
   <city>Washington</city>
   <state>DC</state>
   <zip>20024</zip>
   <zipext></zipext>
   <country>USA</country>
   <principal_city></principal_city>
   <principal_state></principal_state>
   <principal_zip></principal_zip>
   <principal_zipext></principal_zipext>
   <principal_country></principal_country>
   <registrantGeneralDescription>Consultant on copyright matters</registrantGeneralDescription>
   <selfSelect>N</selfSelect>
   <clientName>Visual Artists Rights Coalition</clientName>
   <clientAddress>700 7th Street SW</clientAddress>
   <clientCity>Washington</clientCity>
   <clientState>DC</clientState>
   <clientZip>20024</clientZip>
   <clientZipExt></clientZipExt>
   <clientCountry>USA</clientCountry>
   <prinClientCity></prinClientCity>
   <prinClientState></prinClientState>
   <prinClientZip></prinClientZip>
   <prinClientZipExt></prinClientZipExt>
   <prinClientCountry></prinClientCountry>
   <clientGeneralDescription>Representation of Vistual Artists regarding copyright law and policy</clientGeneralDescription>
   <senateID>400456195-24</senateID>
   <houseID>408210001</houseID>
   <lobbyists>
      <lobbyist>
         <lobbyistFirstName>Bruce</lobbyistFirstName>
         <lobbyistLastName>Lehman</lobbyistLastName>
         <lobbyistSuffix></lobbyistSuffix>
         <coveredPosition></coveredPosition>
         <lobbyistNew>Y</lobbyistNew>
      </lobbyist>
      <lobbyist>
         <lobbyistFirstName></lobbyistFirstName>
         <lobbyistLastName></lobbyistLastName>
         <lobbyistSuffix></lobbyistSuffix>
         <coveredPosition></coveredPosition>
         <lobbyistNew>Y</lobbyistNew>
      </lobbyist>
      <lobbyist>
         <lobbyistFirstName></lobbyistFirstName>
         <lobbyistLastName></lobbyistLastName>
         <lobbyistSuffix></lobbyistSuffix>
         <coveredPosition></coveredPosition>
         <lobbyistNew>Y</lobbyistNew>
      </lobbyist>
      <lobbyist>
         <lobbyistFirstName></lobbyistFirstName>
         <lobbyistLastName></lobbyistLastName>
         <lobbyistSuffix></lobbyistSuffix>
         <coveredPosition></coveredPosition>
         <lobbyistNew>Y</lobbyistNew>
      </lobbyist>
      <lobbyist>
         <lobbyistFirstName></lobbyistFirstName>
         <lobbyistLastName></lobbyistLastName>
         <lobbyistSuffix></lobbyistSuffix>
         <coveredPosition></coveredPosition>
         <lobbyistNew>Y</lobbyistNew>
      </lobbyist>
   </lobbyists>
   <alis>
      <ali_Code>CPT</ali_Code>
      <ali_Code></ali_Code>
      <ali_Code></ali_Code>
      <ali_Code></ali_Code>
      <ali_Code></ali_Code>
      <ali_Code></ali_Code>
      <ali_Code></ali_Code>
      <ali_Code></ali_Code>
      <ali_Code></ali_Code>
   </alis>
   <specific_issues>Copyright law and policy</specific_issues>
   <affiliatedUrl></affiliatedUrl>
   <affiliatedOrgs>
      <affiliatedOrg>
         <affiliatedOrgName>Artists Rights Society</affiliatedOrgName>
         <affiliatedOrgAddress>536 Broadway 5th Floor  </affiliatedOrgAddress>
         <affiliatedOrgCity>New York</affiliatedOrgCity>
         <affiliatedOrgState>NY</affiliatedOrgState>
         <affiliatedOrgZip>10012</affiliatedOrgZip>
         <affiliatedOrgCountry>USA</affiliatedOrgCountry>
         <affiliatedPrinOrgCity>New York</affiliatedPrinOrgCity>
         <affiliatedPrinOrgState>NY</affiliatedPrinOrgState>
         <affiliatedPrinOrgCountry>USA</affiliatedPrinOrgCountry>
      </affiliatedOrg>
      <affiliatedOrg>
         <affiliatedOrgName>VAGA Rights </affiliatedOrgName>
         <affiliatedOrgAddress>111 Broadway Suite 1006</affiliatedOrgAddress>
         <affiliatedOrgCity>New York</affiliatedOrgCity>
         <affiliatedOrgState>NY</affiliatedOrgState>
         <affiliatedOrgZip>10006</affiliatedOrgZip>
         <affiliatedOrgCountry>USA</affiliatedOrgCountry>
         <affiliatedPrinOrgCity>New York</affiliatedPrinOrgCity>
         <affiliatedPrinOrgState>NY</affiliatedPrinOrgState>
         <affiliatedPrinOrgCountry>USA</affiliatedPrinOrgCountry>
      </affiliatedOrg>
      <affiliatedOrg>
         <affiliatedOrgName>European Visual Artists</affiliatedOrgName>
         <affiliatedOrgAddress>87 Rue du Prince</affiliatedOrgAddress>
         <affiliatedOrgCity>Brussels</affiliatedOrgCity>
         <affiliatedOrgState></affiliatedOrgState>
         <affiliatedOrgZip>1050</affiliatedOrgZip>
         <affiliatedOrgCountry>BEL</affiliatedOrgCountry>
         <affiliatedPrinOrgCity>Brussels</affiliatedPrinOrgCity>
         <affiliatedPrinOrgState></affiliatedPrinOrgState>
         <affiliatedPrinOrgCountry>BEL</affiliatedPrinOrgCountry>
      </affiliatedOrg>
   </affiliatedOrgs>
   <foreignEntities>
      <foreignEntity>
         <name>European Visual Artists</name>
         <address>87 Rue du Prince</address>
         <city>Brussels</city>
         <state></state>
         <country>BEL</country>
         <prinCity>Brussels</prinCity>
         <prinState></prinState>
         <prinCountry>BEL</prinCountry>
         <contribution>3500.00</contribution>
         <ownership_Percentage>30</ownership_Percentage>
      </foreignEntity>
      <foreignEntity>
         <name></name>
         <address></address>
         <city></city>
         <state></state>
         <country></country>
         <prinCity></prinCity>
         <prinState></prinState>
         <prinCountry></prinCountry>
         <contribution></contribution>
         <ownership_Percentage></ownership_Percentage>
      </foreignEntity>
   </foreignEntities>
   <reportYear>2010</reportYear>
   <reportType>RA</reportType>
   <effectiveDate>04/05/2010</effectiveDate>
   <printedName>Bruce Lehman, Legislative Counsel to the Visual Artists Rights Coalition</printedName>
   <signedDate>07/17/2013</signedDate>
</LOBBYINGDISCLOSURE1>