<?xml version="1.0"?>
<?xml-stylesheet type='text/xsl' href='../../ld1.xsl'?>
<LOBBYINGDISCLOSURE1>
   <imported>Y</imported>
   <pages>2</pages>
   <regType>2</regType>
   <organizationName>Hogan Lovells US LLP</organizationName>
   <prefix>Mr.</prefix>
   <firstName></firstName>
   <lastName></lastName>
   <address1>COLUMBIA SQUARE</address1>
   <address2>555 THIRTEENTH STREET NW</address2>
   <city>WASHINGTON</city>
   <state>DC</state>
   <zip>20004</zip>
   <zipext>1109</zipext>
   <country>USA</country>
   <principal_city></principal_city>
   <principal_state></principal_state>
   <principal_zip></principal_zip>
   <principal_zipext></principal_zipext>
   <principal_country></principal_country>
   <registrantGeneralDescription>Law Firm</registrantGeneralDescription>
   <selfSelect>N</selfSelect>
   <clientName>Federation of Rice Producers of Colombia</clientName>
   <clientAddress>Carrera 100 No. 25H-55</clientAddress>
   <clientCity>Bogota</clientCity>
   <clientState></clientState>
   <clientZip>579999</clientZip>
   <clientZipExt></clientZipExt>
   <clientCountry>COL</clientCountry>
   <prinClientCity></prinClientCity>
   <prinClientState></prinClientState>
   <prinClientZip></prinClientZip>
   <prinClientZipExt></prinClientZipExt>
   <prinClientCountry></prinClientCountry>
   <clientGeneralDescription>Colombian trade association of rice producers.</clientGeneralDescription>
   <senateID>18422</senateID>
   <houseID>304700680</houseID>
   <lobbyists>
      <lobbyist>
         <lobbyistFirstName>Chandri </lobbyistFirstName>
         <lobbyistLastName>Navarro</lobbyistLastName>
         <lobbyistSuffix></lobbyistSuffix>
         <coveredPosition></coveredPosition>
         <lobbyistNew></lobbyistNew>
      </lobbyist>
      <lobbyist>
         <lobbyistFirstName>Clayton </lobbyistFirstName>
         <lobbyistLastName>Yeutter</lobbyistLastName>
         <lobbyistSuffix></lobbyistSuffix>
         <coveredPosition>U.S. Sec. of Agriculture 1989-91,Coun. for the Pres. (cont)</coveredPosition>
         <lobbyistNew></lobbyistNew>
      </lobbyist>
      <lobbyist>
         <lobbyistFirstName>Clayton </lobbyistFirstName>
         <lobbyistLastName>Yeutter</lobbyistLastName>
         <lobbyistSuffix></lobbyistSuffix>
         <coveredPosition>for Domes. Policy</coveredPosition>
         <lobbyistNew></lobbyistNew>
      </lobbyist>
      <lobbyist>
         <lobbyistFirstName></lobbyistFirstName>
         <lobbyistLastName></lobbyistLastName>
         <lobbyistSuffix></lobbyistSuffix>
         <coveredPosition></coveredPosition>
         <lobbyistNew>Y</lobbyistNew>
      </lobbyist>
      <lobbyist>
         <lobbyistFirstName></lobbyistFirstName>
         <lobbyistLastName></lobbyistLastName>
         <lobbyistSuffix></lobbyistSuffix>
         <coveredPosition></coveredPosition>
         <lobbyistNew>Y</lobbyistNew>
      </lobbyist>
   </lobbyists>
   <alis>
      <ali_Code>TRD</ali_Code>
      <ali_Code>AGR</ali_Code>
      <ali_Code></ali_Code>
      <ali_Code></ali_Code>
      <ali_Code></ali_Code>
      <ali_Code></ali_Code>
      <ali_Code></ali_Code>
      <ali_Code></ali_Code>
      <ali_Code></ali_Code>
   </alis>
   <specific_issues>Discuss administration of rice tariff rate quota in U.S.-Colombia Free Trade Agreement.</specific_issues>
   <affiliatedUrl></affiliatedUrl>
   <affiliatedOrgs>
      <affiliatedOrg>
         <affiliatedOrgName></affiliatedOrgName>
         <affiliatedOrgAddress></affiliatedOrgAddress>
         <affiliatedOrgCity></affiliatedOrgCity>
         <affiliatedOrgState></affiliatedOrgState>
         <affiliatedOrgZip></affiliatedOrgZip>
         <affiliatedOrgCountry></affiliatedOrgCountry>
         <affiliatedPrinOrgCity></affiliatedPrinOrgCity>
         <affiliatedPrinOrgState></affiliatedPrinOrgState>
         <affiliatedPrinOrgCountry></affiliatedPrinOrgCountry>
      </affiliatedOrg>
      <affiliatedOrg>
         <affiliatedOrgName></affiliatedOrgName>
         <affiliatedOrgAddress></affiliatedOrgAddress>
         <affiliatedOrgCity></affiliatedOrgCity>
         <affiliatedOrgState></affiliatedOrgState>
         <affiliatedOrgZip></affiliatedOrgZip>
         <affiliatedOrgCountry></affiliatedOrgCountry>
         <affiliatedPrinOrgCity></affiliatedPrinOrgCity>
         <affiliatedPrinOrgState></affiliatedPrinOrgState>
         <affiliatedPrinOrgCountry></affiliatedPrinOrgCountry>
      </affiliatedOrg>
      <affiliatedOrg>
         <affiliatedOrgName></affiliatedOrgName>
         <affiliatedOrgAddress></affiliatedOrgAddress>
         <affiliatedOrgCity></affiliatedOrgCity>
         <affiliatedOrgState></affiliatedOrgState>
         <affiliatedOrgZip></affiliatedOrgZip>
         <affiliatedOrgCountry></affiliatedOrgCountry>
         <affiliatedPrinOrgCity></affiliatedPrinOrgCity>
         <affiliatedPrinOrgState></affiliatedPrinOrgState>
         <affiliatedPrinOrgCountry></affiliatedPrinOrgCountry>
      </affiliatedOrg>
   </affiliatedOrgs>
   <foreignEntities>
      <foreignEntity>
         <name>Federacion Nacional de arroceros de Colombia</name>
         <address>Carrera 100 25H-55, Colombia</address>
         <city>Bogota</city>
         <state></state>
         <country>COL</country>
         <prinCity>Bogota</prinCity>
         <prinState></prinState>
         <prinCountry>COL</prinCountry>
         <contribution>0.00</contribution>
         <ownership_Percentage>100</ownership_Percentage>
      </foreignEntity>
      <foreignEntity>
         <name></name>
         <address></address>
         <city></city>
         <state></state>
         <country></country>
         <prinCity></prinCity>
         <prinState></prinState>
         <prinCountry></prinCountry>
         <contribution></contribution>
         <ownership_Percentage></ownership_Percentage>
      </foreignEntity>
   </foreignEntities>
   <reportYear>2013</reportYear>
   <reportType>RR</reportType>
   <effectiveDate>01/18/2013</effectiveDate>
   <printedName>Chandri Navarro, Partner</printedName>
   <signedDate>02/20/2013</signedDate>
</LOBBYINGDISCLOSURE1>