<?xml version="1.0"?>
<?xml-stylesheet type='text/xsl' href='../../ld1.xsl'?>
<LOBBYINGDISCLOSURE1>
   <imported>N</imported>
   <pages>2</pages>
   <regType>2</regType>
   <organizationName>Alpine Group, Inc</organizationName>
   <prefix></prefix>
   <firstName></firstName>
   <lastName></lastName>
   <address1>660 Pennsylvania Ave. SE</address1>
   <address2>Suite 201</address2>
   <city>Washington</city>
   <state>DC</state>
   <zip>20003</zip>
   <zipext></zipext>
   <country>USA</country>
   <principal_city></principal_city>
   <principal_state></principal_state>
   <principal_zip></principal_zip>
   <principal_zipext></principal_zipext>
   <principal_country></principal_country>
   <registrantGeneralDescription>Government relations consulting</registrantGeneralDescription>
   <selfSelect>N</selfSelect>
   <clientName>American Shared Hospital Services</clientName>
   <clientAddress>Four Embarcadero Center, Suite 3700</clientAddress>
   <clientCity>San Francisco</clientCity>
   <clientState>CA</clientState>
   <clientZip>94111</clientZip>
   <clientZipExt></clientZipExt>
   <clientCountry>USA</clientCountry>
   <prinClientCity></prinClientCity>
   <prinClientState></prinClientState>
   <prinClientZip></prinClientZip>
   <prinClientZipExt></prinClientZipExt>
   <prinClientCountry></prinClientCountry>
   <clientGeneralDescription>Medical equipment financing</clientGeneralDescription>
   <senateID>1171</senateID>
   <houseID>317490176</houseID>
   <lobbyists>
      <lobbyist>
         <lobbyistFirstName>James</lobbyistFirstName>
         <lobbyistLastName>Hawkins</lobbyistLastName>
         <lobbyistSuffix>III</lobbyistSuffix>
         <coveredPosition>Health Policy Advisor, Senate HELP Committee</coveredPosition>
         <lobbyistNew>Y</lobbyistNew>
      </lobbyist>
      <lobbyist>
         <lobbyistFirstName>Courtney</lobbyistFirstName>
         <lobbyistLastName>Johnson</lobbyistLastName>
         <lobbyistSuffix></lobbyistSuffix>
         <coveredPosition>Research Assistant, House Energy and Commerce</coveredPosition>
         <lobbyistNew>Y</lobbyistNew>
      </lobbyist>
      <lobbyist>
         <lobbyistFirstName></lobbyistFirstName>
         <lobbyistLastName></lobbyistLastName>
         <lobbyistSuffix></lobbyistSuffix>
         <coveredPosition></coveredPosition>
         <lobbyistNew>Y</lobbyistNew>
      </lobbyist>
      <lobbyist>
         <lobbyistFirstName></lobbyistFirstName>
         <lobbyistLastName></lobbyistLastName>
         <lobbyistSuffix></lobbyistSuffix>
         <coveredPosition></coveredPosition>
         <lobbyistNew>Y</lobbyistNew>
      </lobbyist>
      <lobbyist>
         <lobbyistFirstName></lobbyistFirstName>
         <lobbyistLastName></lobbyistLastName>
         <lobbyistSuffix></lobbyistSuffix>
         <coveredPosition></coveredPosition>
         <lobbyistNew>Y</lobbyistNew>
      </lobbyist>
   </lobbyists>
   <alis>
      <ali_Code>MMM</ali_Code>
      <ali_Code></ali_Code>
      <ali_Code></ali_Code>
      <ali_Code></ali_Code>
      <ali_Code></ali_Code>
      <ali_Code></ali_Code>
      <ali_Code></ali_Code>
      <ali_Code></ali_Code>
      <ali_Code></ali_Code>
   </alis>
   <specific_issues>Outpatient payment for radiology services</specific_issues>
   <affiliatedUrl></affiliatedUrl>
   <affiliatedOrgs>
      <affiliatedOrg>
         <affiliatedOrgName>Elekta, Inc.</affiliatedOrgName>
         <affiliatedOrgAddress>400 Perimeter Center Terrace, Suite 50</affiliatedOrgAddress>
         <affiliatedOrgCity>Atlanta</affiliatedOrgCity>
         <affiliatedOrgState>GA</affiliatedOrgState>
         <affiliatedOrgZip>30346</affiliatedOrgZip>
         <affiliatedOrgCountry>USA</affiliatedOrgCountry>
         <affiliatedPrinOrgCity></affiliatedPrinOrgCity>
         <affiliatedPrinOrgState></affiliatedPrinOrgState>
         <affiliatedPrinOrgCountry></affiliatedPrinOrgCountry>
      </affiliatedOrg>
      <affiliatedOrg>
         <affiliatedOrgName></affiliatedOrgName>
         <affiliatedOrgAddress></affiliatedOrgAddress>
         <affiliatedOrgCity></affiliatedOrgCity>
         <affiliatedOrgState></affiliatedOrgState>
         <affiliatedOrgZip></affiliatedOrgZip>
         <affiliatedOrgCountry></affiliatedOrgCountry>
         <affiliatedPrinOrgCity></affiliatedPrinOrgCity>
         <affiliatedPrinOrgState></affiliatedPrinOrgState>
         <affiliatedPrinOrgCountry></affiliatedPrinOrgCountry>
      </affiliatedOrg>
      <affiliatedOrg>
         <affiliatedOrgName></affiliatedOrgName>
         <affiliatedOrgAddress></affiliatedOrgAddress>
         <affiliatedOrgCity></affiliatedOrgCity>
         <affiliatedOrgState></affiliatedOrgState>
         <affiliatedOrgZip></affiliatedOrgZip>
         <affiliatedOrgCountry></affiliatedOrgCountry>
         <affiliatedPrinOrgCity></affiliatedPrinOrgCity>
         <affiliatedPrinOrgState></affiliatedPrinOrgState>
         <affiliatedPrinOrgCountry></affiliatedPrinOrgCountry>
      </affiliatedOrg>
   </affiliatedOrgs>
   <foreignEntities>
      <foreignEntity>
         <name>Elekta AB</name>
         <address>Box 7593, SE-103 93</address>
         <city>Stockholm</city>
         <state></state>
         <country>SWE</country>
         <prinCity>Stockholm</prinCity>
         <prinState></prinState>
         <prinCountry>SWE</prinCountry>
         <contribution>0.00</contribution>
         <ownership_Percentage>100</ownership_Percentage>
      </foreignEntity>
      <foreignEntity>
         <name></name>
         <address></address>
         <city></city>
         <state></state>
         <country></country>
         <prinCity></prinCity>
         <prinState></prinState>
         <prinCountry></prinCountry>
         <contribution></contribution>
         <ownership_Percentage></ownership_Percentage>
      </foreignEntity>
   </foreignEntities>
   <reportYear>2013</reportYear>
   <reportType>RR</reportType>
   <effectiveDate>02/01/2013</effectiveDate>
   <printedName>Jessica Slotman, Executive Assistant</printedName>
   <signedDate>02/22/2013</signedDate>
</LOBBYINGDISCLOSURE1>