<?xml version="1.0"?>
<?xml-stylesheet type='text/xsl' href='../../ld1.xsl'?>
<LOBBYINGDISCLOSURE1>
   <imported>N</imported>
   <pages>3</pages>
   <regType>2</regType>
   <organizationName>WASHINGTON2 ADVOCATES</organizationName>
   <prefix></prefix>
   <firstName></firstName>
   <lastName></lastName>
   <address1>P.O. BOX 1462</address1>
   <address2></address2>
   <city>BELLEVUE</city>
   <state>WA</state>
   <zip>98009</zip>
   <zipext></zipext>
   <country>USA</country>
   <principal_city></principal_city>
   <principal_state></principal_state>
   <principal_zip></principal_zip>
   <principal_zipext></principal_zipext>
   <principal_country></principal_country>
   <registrantGeneralDescription>Consulting in government affairs and communications</registrantGeneralDescription>
   <selfSelect>N</selfSelect>
   <clientName>Vigor Industrial, LLC</clientName>
   <clientAddress>1801 16th Avenue SW</clientAddress>
   <clientCity>Seattle</clientCity>
   <clientState>WA</clientState>
   <clientZip>98134</clientZip>
   <clientZipExt></clientZipExt>
   <clientCountry>USA</clientCountry>
   <prinClientCity>Portland</prinClientCity>
   <prinClientState>OR</prinClientState>
   <prinClientZip>97217</prinClientZip>
   <prinClientZipExt></prinClientZipExt>
   <prinClientCountry>USA</prinClientCountry>
   <clientGeneralDescription>Ship building</clientGeneralDescription>
   <senateID>63451</senateID>
   <houseID>355170059</houseID>
   <lobbyists>
      <lobbyist>
         <lobbyistFirstName>Jeff</lobbyistFirstName>
         <lobbyistLastName>Bjornstad</lobbyistLastName>
         <lobbyistSuffix>Mr.</lobbyistSuffix>
         <coveredPosition>Chief of Staff, Senator Murray</coveredPosition>
         <lobbyistNew>Y</lobbyistNew>
      </lobbyist>
      <lobbyist>
         <lobbyistFirstName>Jeff</lobbyistFirstName>
         <lobbyistLastName>Bjornstad</lobbyistLastName>
         <lobbyistSuffix>Mr.</lobbyistSuffix>
         <coveredPosition>Chief of Staff, Rep. Rick Larsen</coveredPosition>
         <lobbyistNew>Y</lobbyistNew>
      </lobbyist>
      <lobbyist>
         <lobbyistFirstName>Jeff</lobbyistFirstName>
         <lobbyistLastName>Bjornstad</lobbyistLastName>
         <lobbyistSuffix>Mr.</lobbyistSuffix>
         <coveredPosition>Chief of Staff, Rep. Adam Smith</coveredPosition>
         <lobbyistNew>Y</lobbyistNew>
      </lobbyist>
      <lobbyist>
         <lobbyistFirstName>Tony</lobbyistFirstName>
         <lobbyistLastName>Williams</lobbyistLastName>
         <lobbyistSuffix>Mr.</lobbyistSuffix>
         <coveredPosition>Chief of Staff and Communications Dir, </coveredPosition>
         <lobbyistNew>Y</lobbyistNew>
      </lobbyist>
      <lobbyist>
         <lobbyistFirstName>Tony</lobbyistFirstName>
         <lobbyistLastName>Williams</lobbyistLastName>
         <lobbyistSuffix>Mr.</lobbyistSuffix>
         <coveredPosition>Press Sec., Rep. Rod Chandler</coveredPosition>
         <lobbyistNew>Y</lobbyistNew>
      </lobbyist>
      <lobbyist>
         <lobbyistFirstName>Tony</lobbyistFirstName>
         <lobbyistLastName>Williams</lobbyistLastName>
         <lobbyistSuffix>Mr.</lobbyistSuffix>
         <coveredPosition>Press Sec., Rep. James</coveredPosition>
         <lobbyistNew>Y</lobbyistNew>
      </lobbyist>
      <lobbyist>
         <lobbyistFirstName>Tony</lobbyistFirstName>
         <lobbyistLastName>Williams</lobbyistLastName>
         <lobbyistSuffix>Mr.</lobbyistSuffix>
         <coveredPosition>Press Sec., Rep. Rogers</coveredPosition>
         <lobbyistNew>Y</lobbyistNew>
      </lobbyist>
      <lobbyist>
         <lobbyistFirstName>Tony</lobbyistFirstName>
         <lobbyistLastName>Williams</lobbyistLastName>
         <lobbyistSuffix>Mr.</lobbyistSuffix>
         <coveredPosition>Press Sec. and Field Rep., Rep. Denny Smith</coveredPosition>
         <lobbyistNew>Y</lobbyistNew>
      </lobbyist>
      <lobbyist>
         <lobbyistFirstName></lobbyistFirstName>
         <lobbyistLastName></lobbyistLastName>
         <lobbyistSuffix></lobbyistSuffix>
         <coveredPosition></coveredPosition>
         <lobbyistNew>Y</lobbyistNew>
      </lobbyist>
      <lobbyist>
         <lobbyistFirstName></lobbyistFirstName>
         <lobbyistLastName></lobbyistLastName>
         <lobbyistSuffix></lobbyistSuffix>
         <coveredPosition></coveredPosition>
         <lobbyistNew>Y</lobbyistNew>
      </lobbyist>
      <lobbyist>
         <lobbyistFirstName></lobbyistFirstName>
         <lobbyistLastName></lobbyistLastName>
         <lobbyistSuffix></lobbyistSuffix>
         <coveredPosition></coveredPosition>
         <lobbyistNew>Y</lobbyistNew>
      </lobbyist>
   </lobbyists>
   <alis>
      <ali_Code>TRA</ali_Code>
      <ali_Code>BUD</ali_Code>
      <ali_Code></ali_Code>
      <ali_Code></ali_Code>
      <ali_Code></ali_Code>
      <ali_Code></ali_Code>
      <ali_Code></ali_Code>
      <ali_Code></ali_Code>
      <ali_Code></ali_Code>
      <ali_Code></ali_Code>
      <ali_Code></ali_Code>
      <ali_Code></ali_Code>
      <ali_Code></ali_Code>
      <ali_Code></ali_Code>
      <ali_Code></ali_Code>
      <ali_Code></ali_Code>
      <ali_Code></ali_Code>
      <ali_Code></ali_Code>
   </alis>
   <specific_issues>Transportation authorization and appropriations</specific_issues>
   <affiliatedUrl></affiliatedUrl>
   <affiliatedOrgs>
      <affiliatedOrg>
         <affiliatedOrgName></affiliatedOrgName>
         <affiliatedOrgAddress></affiliatedOrgAddress>
         <affiliatedOrgCity></affiliatedOrgCity>
         <affiliatedOrgState></affiliatedOrgState>
         <affiliatedOrgZip></affiliatedOrgZip>
         <affiliatedOrgCountry></affiliatedOrgCountry>
         <affiliatedPrinOrgCity></affiliatedPrinOrgCity>
         <affiliatedPrinOrgState></affiliatedPrinOrgState>
         <affiliatedPrinOrgCountry></affiliatedPrinOrgCountry>
      </affiliatedOrg>
      <affiliatedOrg>
         <affiliatedOrgName></affiliatedOrgName>
         <affiliatedOrgAddress></affiliatedOrgAddress>
         <affiliatedOrgCity></affiliatedOrgCity>
         <affiliatedOrgState></affiliatedOrgState>
         <affiliatedOrgZip></affiliatedOrgZip>
         <affiliatedOrgCountry></affiliatedOrgCountry>
         <affiliatedPrinOrgCity></affiliatedPrinOrgCity>
         <affiliatedPrinOrgState></affiliatedPrinOrgState>
         <affiliatedPrinOrgCountry></affiliatedPrinOrgCountry>
      </affiliatedOrg>
      <affiliatedOrg>
         <affiliatedOrgName></affiliatedOrgName>
         <affiliatedOrgAddress></affiliatedOrgAddress>
         <affiliatedOrgCity></affiliatedOrgCity>
         <affiliatedOrgState></affiliatedOrgState>
         <affiliatedOrgZip></affiliatedOrgZip>
         <affiliatedOrgCountry></affiliatedOrgCountry>
         <affiliatedPrinOrgCity></affiliatedPrinOrgCity>
         <affiliatedPrinOrgState></affiliatedPrinOrgState>
         <affiliatedPrinOrgCountry></affiliatedPrinOrgCountry>
      </affiliatedOrg>
      <affiliatedOrg>
         <affiliatedOrgName></affiliatedOrgName>
         <affiliatedOrgAddress></affiliatedOrgAddress>
         <affiliatedOrgCity></affiliatedOrgCity>
         <affiliatedOrgState></affiliatedOrgState>
         <affiliatedOrgZip></affiliatedOrgZip>
         <affiliatedOrgCountry></affiliatedOrgCountry>
         <affiliatedPrinOrgCity></affiliatedPrinOrgCity>
         <affiliatedPrinOrgState></affiliatedPrinOrgState>
         <affiliatedPrinOrgCountry></affiliatedPrinOrgCountry>
      </affiliatedOrg>
      <affiliatedOrg>
         <affiliatedOrgName></affiliatedOrgName>
         <affiliatedOrgAddress></affiliatedOrgAddress>
         <affiliatedOrgCity></affiliatedOrgCity>
         <affiliatedOrgState></affiliatedOrgState>
         <affiliatedOrgZip></affiliatedOrgZip>
         <affiliatedOrgCountry></affiliatedOrgCountry>
         <affiliatedPrinOrgCity></affiliatedPrinOrgCity>
         <affiliatedPrinOrgState></affiliatedPrinOrgState>
         <affiliatedPrinOrgCountry></affiliatedPrinOrgCountry>
      </affiliatedOrg>
      <affiliatedOrg>
         <affiliatedOrgName></affiliatedOrgName>
         <affiliatedOrgAddress></affiliatedOrgAddress>
         <affiliatedOrgCity></affiliatedOrgCity>
         <affiliatedOrgState></affiliatedOrgState>
         <affiliatedOrgZip></affiliatedOrgZip>
         <affiliatedOrgCountry></affiliatedOrgCountry>
         <affiliatedPrinOrgCity></affiliatedPrinOrgCity>
         <affiliatedPrinOrgState></affiliatedPrinOrgState>
         <affiliatedPrinOrgCountry></affiliatedPrinOrgCountry>
      </affiliatedOrg>
   </affiliatedOrgs>
   <foreignEntities>
      <foreignEntity>
         <name></name>
         <address></address>
         <city></city>
         <state></state>
         <country></country>
         <prinCity></prinCity>
         <prinState></prinState>
         <prinCountry></prinCountry>
         <contribution></contribution>
         <ownership_Percentage></ownership_Percentage>
      </foreignEntity>
      <foreignEntity>
         <name></name>
         <address></address>
         <city></city>
         <state></state>
         <country></country>
         <prinCity></prinCity>
         <prinState></prinState>
         <prinCountry></prinCountry>
         <contribution></contribution>
         <ownership_Percentage></ownership_Percentage>
      </foreignEntity>
      <foreignEntity>
         <name></name>
         <address></address>
         <city></city>
         <state></state>
         <country></country>
         <prinCity></prinCity>
         <prinState></prinState>
         <prinCountry></prinCountry>
         <contribution></contribution>
         <ownership_Percentage></ownership_Percentage>
      </foreignEntity>
      <foreignEntity>
         <name></name>
         <address></address>
         <city></city>
         <state></state>
         <country></country>
         <prinCity></prinCity>
         <prinState></prinState>
         <prinCountry></prinCountry>
         <contribution></contribution>
         <ownership_Percentage></ownership_Percentage>
      </foreignEntity>
      <foreignEntity>
         <name></name>
         <address></address>
         <city></city>
         <state></state>
         <country></country>
         <prinCity></prinCity>
         <prinState></prinState>
         <prinCountry></prinCountry>
         <contribution></contribution>
         <ownership_Percentage></ownership_Percentage>
      </foreignEntity>
   </foreignEntities>
   <reportYear>2013</reportYear>
   <reportType>RR</reportType>
   <effectiveDate>01/01/2013</effectiveDate>
   <printedName>Nina Collier, Partner</printedName>
   <signedDate>01/18/2013</signedDate>
</LOBBYINGDISCLOSURE1>