﻿<?xml version="1.0" encoding="utf-8"?>
<?xml-stylesheet type='text/xsl' href='../../ld1webpage.xsl'?>
<LOBBYINGDISCLOSURE1>
  <imported>N</imported>
  <pages>2</pages>
  <regType>2</regType>
  <organizationName>Capitol Tax Partners, LLP</organizationName>
  <prefix>
  </prefix>
  <firstName>
  </firstName>
  <lastName>
  </lastName>
  <address1>101 Constitution Avenue, NW Suite 675 East</address1>
  <address2>
  </address2>
  <city>Washington</city>
  <state>DC</state>
  <zip>20001</zip>
  <zipext>
  </zipext>
  <country>USA</country>
  <principal_city>
  </principal_city>
  <principal_state>
  </principal_state>
  <principal_zip>
  </principal_zip>
  <principal_zipext>
  </principal_zipext>
  <principal_country>
  </principal_country>
  <contactIntlPhone>
  </contactIntlPhone>
  <registrantGeneralDescription>Law and Legislative Consulting Firm</registrantGeneralDescription>
  <selfSelect>N</selfSelect>
  <clientName>Lincoln Clean Energy, LLC</clientName>
  <clientAddress>401 N. Michigan Avenue Suite 501</clientAddress>
  <clientCity>Chicago</clientCity>
  <clientState>IL</clientState>
  <clientZip>60611</clientZip>
  <clientZipExt>
  </clientZipExt>
  <clientCountry>USA</clientCountry>
  <prinClientCity>
  </prinClientCity>
  <prinClientState>
  </prinClientState>
  <prinClientZip>
  </prinClientZip>
  <prinClientZipExt>
  </prinClientZipExt>
  <prinClientCountry>
  </prinClientCountry>
  <clientGeneralDescription>Develops clean energy projects</clientGeneralDescription>
  <senateID>65976</senateID>
  <houseID>356170174</houseID>
  <lobbyists>
    <lobbyist>
      <lobbyistFirstName>Joseph </lobbyistFirstName>
      <lobbyistLastName>Mikrut </lobbyistLastName>
      <lobbyistSuffix>
      </lobbyistSuffix>
      <coveredPosition>Treasury: Asst. Secretary Tax Policy (acting);
Tax Legislative Counsel;
JCT: Associate Deputy Chief of Staff.
</coveredPosition>
      <lobbyistNew>Y</lobbyistNew>
    </lobbyist>
    <lobbyist>
      <lobbyistFirstName>Melissa</lobbyistFirstName>
      <lobbyistLastName>Mueller </lobbyistLastName>
      <lobbyistSuffix>
      </lobbyistSuffix>
      <coveredPosition>Ways/Means Subc. Staff Director/Tax Counsel;
Leg. Dir., Rep. Richard Neal;
Tax Counsel, Sen. Finance Comm.;
Counsel, Rep. Doggett; Leg Counsel Sen. Reid.
</coveredPosition>
      <lobbyistNew>Y</lobbyistNew>
    </lobbyist>
    <lobbyist>
      <lobbyistFirstName>
      </lobbyistFirstName>
      <lobbyistLastName>
      </lobbyistLastName>
      <lobbyistSuffix>
      </lobbyistSuffix>
      <coveredPosition>
      </coveredPosition>
      <lobbyistNew>N</lobbyistNew>
    </lobbyist>
    <lobbyist>
      <lobbyistFirstName>
      </lobbyistFirstName>
      <lobbyistLastName>
      </lobbyistLastName>
      <lobbyistSuffix>
      </lobbyistSuffix>
      <coveredPosition>
      </coveredPosition>
      <lobbyistNew>N</lobbyistNew>
    </lobbyist>
    <lobbyist>
      <lobbyistFirstName>
      </lobbyistFirstName>
      <lobbyistLastName>
      </lobbyistLastName>
      <lobbyistSuffix>
      </lobbyistSuffix>
      <coveredPosition>
      </coveredPosition>
      <lobbyistNew>N</lobbyistNew>
    </lobbyist>
  </lobbyists>
  <alis>
    <ali_Code>TAX</ali_Code>
    <ali_Code>
    </ali_Code>
    <ali_Code>
    </ali_Code>
    <ali_Code>
    </ali_Code>
    <ali_Code>
    </ali_Code>
    <ali_Code>
    </ali_Code>
    <ali_Code>
    </ali_Code>
    <ali_Code>
    </ali_Code>
    <ali_Code>
    </ali_Code>
  </alis>
  <specific_issues>Energy Tax Incentives</specific_issues>
  <affiliatedUrl>
  </affiliatedUrl>
  <affiliatedOrgs>
    <affiliatedOrg>
      <affiliatedOrgName>
      </affiliatedOrgName>
      <affiliatedOrgAddress>
      </affiliatedOrgAddress>
      <affiliatedOrgCity>
      </affiliatedOrgCity>
      <affiliatedOrgState>
      </affiliatedOrgState>
      <affiliatedOrgZip>
      </affiliatedOrgZip>
      <affiliatedOrgCountry>
      </affiliatedOrgCountry>
      <affiliatedPrinOrgCity>
      </affiliatedPrinOrgCity>
      <affiliatedPrinOrgState>
      </affiliatedPrinOrgState>
      <affiliatedPrinOrgCountry>
      </affiliatedPrinOrgCountry>
    </affiliatedOrg>
    <affiliatedOrg>
      <affiliatedOrgName>
      </affiliatedOrgName>
      <affiliatedOrgAddress>
      </affiliatedOrgAddress>
      <affiliatedOrgCity>
      </affiliatedOrgCity>
      <affiliatedOrgState>
      </affiliatedOrgState>
      <affiliatedOrgZip>
      </affiliatedOrgZip>
      <affiliatedOrgCountry>
      </affiliatedOrgCountry>
      <affiliatedPrinOrgCity>
      </affiliatedPrinOrgCity>
      <affiliatedPrinOrgState>
      </affiliatedPrinOrgState>
      <affiliatedPrinOrgCountry>
      </affiliatedPrinOrgCountry>
    </affiliatedOrg>
    <affiliatedOrg>
      <affiliatedOrgName>
      </affiliatedOrgName>
      <affiliatedOrgAddress>
      </affiliatedOrgAddress>
      <affiliatedOrgCity>
      </affiliatedOrgCity>
      <affiliatedOrgState>
      </affiliatedOrgState>
      <affiliatedOrgZip>
      </affiliatedOrgZip>
      <affiliatedOrgCountry>
      </affiliatedOrgCountry>
      <affiliatedPrinOrgCity>
      </affiliatedPrinOrgCity>
      <affiliatedPrinOrgState>
      </affiliatedPrinOrgState>
      <affiliatedPrinOrgCountry>
      </affiliatedPrinOrgCountry>
    </affiliatedOrg>
  </affiliatedOrgs>
  <foreignEntities>
    <foreignEntity>
      <name>
      </name>
      <address>
      </address>
      <city>
      </city>
      <state>
      </state>
      <country>
      </country>
      <prinCity>
      </prinCity>
      <prinState>
      </prinState>
      <prinCountry>
      </prinCountry>
      <contribution>
      </contribution>
      <ownership_Percentage>
      </ownership_Percentage>
    </foreignEntity>
    <foreignEntity>
      <name>
      </name>
      <address>
      </address>
      <city>
      </city>
      <state>
      </state>
      <country>
      </country>
      <prinCity>
      </prinCity>
      <prinState>
      </prinState>
      <prinCountry>
      </prinCountry>
      <contribution>
      </contribution>
      <ownership_Percentage>
      </ownership_Percentage>
    </foreignEntity>
  </foreignEntities>
  <reportYear>2016</reportYear>
  <reportType>RR</reportType>
  <effectiveDate>2/8/2016</effectiveDate>
  <printedName>Joseph Mikrut</printedName>
  <signedDate>2/8/2016 11:19:07 AM</signedDate>
</LOBBYINGDISCLOSURE1>