﻿<?xml version="1.0" encoding="utf-8"?>
<?xml-stylesheet type='text/xsl' href='../../ld1webpage.xsl'?>
<LOBBYINGDISCLOSURE1>
  <imported>N</imported>
  <pages>2</pages>
  <regType>2</regType>
  <organizationName>Poyner Spruill LLP</organizationName>
  <prefix>
  </prefix>
  <firstName>
  </firstName>
  <lastName>
  </lastName>
  <address1>301 Fayetteville Street, Suite 1900</address1>
  <address2>
  </address2>
  <city>Raleigh</city>
  <state>NC</state>
  <zip>27601</zip>
  <zipext>
  </zipext>
  <country>USA</country>
  <principal_city>
  </principal_city>
  <principal_state>
  </principal_state>
  <principal_zip>
  </principal_zip>
  <principal_zipext>
  </principal_zipext>
  <principal_country>
  </principal_country>
  <contactIntlPhone>
  </contactIntlPhone>
  <registrantGeneralDescription>law firm</registrantGeneralDescription>
  <selfSelect>N</selfSelect>
  <clientName>Town of Shallotte, NC</clientName>
  <clientAddress>c/o Walt Eccard, P.O. Box 2287</clientAddress>
  <clientCity>Shallotte</clientCity>
  <clientState>NC</clientState>
  <clientZip>28459</clientZip>
  <clientZipExt>
  </clientZipExt>
  <clientCountry>USA</clientCountry>
  <prinClientCity>
  </prinClientCity>
  <prinClientState>
  </prinClientState>
  <prinClientZip>
  </prinClientZip>
  <prinClientZipExt>
  </prinClientZipExt>
  <prinClientCountry>
  </prinClientCountry>
  <clientGeneralDescription>municipal government </clientGeneralDescription>
  <senateID>400563685</senateID>
  <houseID>412100005</houseID>
  <lobbyists>
    <lobbyist>
      <lobbyistFirstName>Douglas C. "Mike"</lobbyistFirstName>
      <lobbyistLastName>McIntyre</lobbyistLastName>
      <lobbyistSuffix>
      </lobbyistSuffix>
      <coveredPosition>
      </coveredPosition>
      <lobbyistNew>Y</lobbyistNew>
    </lobbyist>
    <lobbyist>
      <lobbyistFirstName>H. Glenn</lobbyistFirstName>
      <lobbyistLastName>Dunn</lobbyistLastName>
      <lobbyistSuffix>
      </lobbyistSuffix>
      <coveredPosition>
      </coveredPosition>
      <lobbyistNew>Y</lobbyistNew>
    </lobbyist>
    <lobbyist>
      <lobbyistFirstName>
      </lobbyistFirstName>
      <lobbyistLastName>
      </lobbyistLastName>
      <lobbyistSuffix>
      </lobbyistSuffix>
      <coveredPosition>
      </coveredPosition>
      <lobbyistNew>N</lobbyistNew>
    </lobbyist>
    <lobbyist>
      <lobbyistFirstName>
      </lobbyistFirstName>
      <lobbyistLastName>
      </lobbyistLastName>
      <lobbyistSuffix>
      </lobbyistSuffix>
      <coveredPosition>
      </coveredPosition>
      <lobbyistNew>N</lobbyistNew>
    </lobbyist>
    <lobbyist>
      <lobbyistFirstName>
      </lobbyistFirstName>
      <lobbyistLastName>
      </lobbyistLastName>
      <lobbyistSuffix>
      </lobbyistSuffix>
      <coveredPosition>
      </coveredPosition>
      <lobbyistNew>N</lobbyistNew>
    </lobbyist>
  </lobbyists>
  <alis>
    <ali_Code>GOV</ali_Code>
    <ali_Code>ECN</ali_Code>
    <ali_Code>
    </ali_Code>
    <ali_Code>
    </ali_Code>
    <ali_Code>
    </ali_Code>
    <ali_Code>
    </ali_Code>
    <ali_Code>
    </ali_Code>
    <ali_Code>
    </ali_Code>
    <ali_Code>
    </ali_Code>
  </alis>
  <specific_issues>Shallotte Riverfront Development Project</specific_issues>
  <affiliatedUrl>
  </affiliatedUrl>
  <affiliatedOrgs>
    <affiliatedOrg>
      <affiliatedOrgName>
      </affiliatedOrgName>
      <affiliatedOrgAddress>
      </affiliatedOrgAddress>
      <affiliatedOrgCity>
      </affiliatedOrgCity>
      <affiliatedOrgState>
      </affiliatedOrgState>
      <affiliatedOrgZip>
      </affiliatedOrgZip>
      <affiliatedOrgCountry>
      </affiliatedOrgCountry>
      <affiliatedPrinOrgCity>
      </affiliatedPrinOrgCity>
      <affiliatedPrinOrgState>
      </affiliatedPrinOrgState>
      <affiliatedPrinOrgCountry>
      </affiliatedPrinOrgCountry>
    </affiliatedOrg>
    <affiliatedOrg>
      <affiliatedOrgName>
      </affiliatedOrgName>
      <affiliatedOrgAddress>
      </affiliatedOrgAddress>
      <affiliatedOrgCity>
      </affiliatedOrgCity>
      <affiliatedOrgState>
      </affiliatedOrgState>
      <affiliatedOrgZip>
      </affiliatedOrgZip>
      <affiliatedOrgCountry>
      </affiliatedOrgCountry>
      <affiliatedPrinOrgCity>
      </affiliatedPrinOrgCity>
      <affiliatedPrinOrgState>
      </affiliatedPrinOrgState>
      <affiliatedPrinOrgCountry>
      </affiliatedPrinOrgCountry>
    </affiliatedOrg>
    <affiliatedOrg>
      <affiliatedOrgName>
      </affiliatedOrgName>
      <affiliatedOrgAddress>
      </affiliatedOrgAddress>
      <affiliatedOrgCity>
      </affiliatedOrgCity>
      <affiliatedOrgState>
      </affiliatedOrgState>
      <affiliatedOrgZip>
      </affiliatedOrgZip>
      <affiliatedOrgCountry>
      </affiliatedOrgCountry>
      <affiliatedPrinOrgCity>
      </affiliatedPrinOrgCity>
      <affiliatedPrinOrgState>
      </affiliatedPrinOrgState>
      <affiliatedPrinOrgCountry>
      </affiliatedPrinOrgCountry>
    </affiliatedOrg>
  </affiliatedOrgs>
  <foreignEntities>
    <foreignEntity>
      <name>
      </name>
      <address>
      </address>
      <city>
      </city>
      <state>
      </state>
      <country>
      </country>
      <prinCity>
      </prinCity>
      <prinState>
      </prinState>
      <prinCountry>
      </prinCountry>
      <contribution>
      </contribution>
      <ownership_Percentage>
      </ownership_Percentage>
    </foreignEntity>
    <foreignEntity>
      <name>
      </name>
      <address>
      </address>
      <city>
      </city>
      <state>
      </state>
      <country>
      </country>
      <prinCity>
      </prinCity>
      <prinState>
      </prinState>
      <prinCountry>
      </prinCountry>
      <contribution>
      </contribution>
      <ownership_Percentage>
      </ownership_Percentage>
    </foreignEntity>
  </foreignEntities>
  <reportYear>2016</reportYear>
  <reportType>RR</reportType>
  <effectiveDate>1/27/2016</effectiveDate>
  <printedName>Joseph B. Dempster</printedName>
  <signedDate>2/24/2016 12:37:27 PM</signedDate>
</LOBBYINGDISCLOSURE1>