﻿<?xml version="1.0" encoding="utf-8"?>
<LOBBYINGDISCLOSURE1>
  <pages>2</pages>
  <regType>2</regType>
  <organizationName>EDMISTEN &amp; WEBB LAW FIRM</organizationName>
  <prefix />
  <firstName />
  <lastName />
  <address1>132 S. SALISBURY STREET</address1>
  <address2 />
  <city>RALEIGH</city>
  <state>NC</state>
  <zip>27601</zip>
  <zipext />
  <country>USA</country>
  <principal_city />
  <principal_state />
  <principal_zip />
  <principal_zipext />
  <principal_country />
  <registrantGeneralDescription>Federal Governmental Lobbying</registrantGeneralDescription>
  <selfSelect>N</selfSelect>
  <clientName>Philip Morris USA, Inc., by its service company Altria Corporate Services, Inc.</clientName>
  <clientAddress>101 Constitution Ave., NW - Suite 400-W</clientAddress>
  <clientCity>Washington</clientCity>
  <clientState>DC</clientState>
  <clientZip>20001</clientZip>
  <clientZipExt />
  <clientCountry>USA</clientCountry>
  <prinClientCity />
  <prinClientState />
  <prinClientZip />
  <prinClientZipExt />
  <prinClientCountry />
  <clientGeneralDescription>Tobacco Manufacturer</clientGeneralDescription>
  <senateID>13142</senateID>
  <houseID>33510</houseID>
  <lobbyists>
    <lobbyist>
      <lobbyistFirstName>Rufus</lobbyistFirstName>
      <lobbyistLastName>Edmisten</lobbyistLastName>
      <lobbyistSuffix />
      <coveredPosition />
      <lobbyistNew>Y</lobbyistNew>
    </lobbyist>
    <lobbyist>
      <lobbyistFirstName />
      <lobbyistLastName />
      <lobbyistSuffix />
      <coveredPosition />
      <lobbyistNew>Y</lobbyistNew>
    </lobbyist>
    <lobbyist>
      <lobbyistFirstName />
      <lobbyistLastName />
      <lobbyistSuffix />
      <coveredPosition />
      <lobbyistNew>Y</lobbyistNew>
    </lobbyist>
    <lobbyist>
      <lobbyistFirstName />
      <lobbyistLastName />
      <lobbyistSuffix />
      <coveredPosition />
      <lobbyistNew>Y</lobbyistNew>
    </lobbyist>
    <lobbyist>
      <lobbyistFirstName />
      <lobbyistLastName />
      <lobbyistSuffix />
      <coveredPosition />
      <lobbyistNew>Y</lobbyistNew>
    </lobbyist>
  </lobbyists>
  <alis>
    <ali_Code>TOB</ali_Code>
    <ali_Code />
    <ali_Code />
    <ali_Code />
    <ali_Code />
    <ali_Code />
    <ali_Code />
    <ali_Code />
    <ali_Code />
  </alis>
  <specific_issues>Preventing youth access to tobacco products.
Tax deductibility of certain tobacco related expenditures
Protection of processors and growers.</specific_issues>
  <affiliatedOrgs>
    <affiliatedOrg>
      <affiliatedOrgName />
      <affiliatedOrgAddress />
      <affiliatedOrgCity />
      <affiliatedOrgState />
      <affiliatedOrgZip />
      <affiliatedOrgCountry />
      <affiliatedPrinOrgCity />
      <affiliatedPrinOrgState />
      <affiliatedPrinOrgCountry />
    </affiliatedOrg>
    <affiliatedOrg>
      <affiliatedOrgName />
      <affiliatedOrgAddress />
      <affiliatedOrgCity />
      <affiliatedOrgState />
      <affiliatedOrgZip />
      <affiliatedOrgCountry />
      <affiliatedPrinOrgCity />
      <affiliatedPrinOrgState />
      <affiliatedPrinOrgCountry />
    </affiliatedOrg>
    <affiliatedOrg>
      <affiliatedOrgName />
      <affiliatedOrgAddress />
      <affiliatedOrgCity />
      <affiliatedOrgState />
      <affiliatedOrgZip />
      <affiliatedOrgCountry />
      <affiliatedPrinOrgCity />
      <affiliatedPrinOrgState />
      <affiliatedPrinOrgCountry />
    </affiliatedOrg>
  </affiliatedOrgs>
  <foreignEntities>
    <foreignEntity>
      <name />
      <address />
      <city />
      <state />
      <country />
      <prinCity />
      <prinState />
      <prinCountry />
      <contribution />
      <ownership_Percentage />
    </foreignEntity>
    <foreignEntity>
      <name />
      <address />
      <city />
      <state />
      <country />
      <prinCity />
      <prinState />
      <prinCountry />
      <contribution />
      <ownership_Percentage />
    </foreignEntity>
  </foreignEntities>
  <reportYear>2007</reportYear>
  <reportType>RR</reportType>
  <effectiveDate>02/02/2007</effectiveDate>
  <printedName />
  <signedDate>02/02/2007</signedDate>
</LOBBYINGDISCLOSURE1>