﻿<?xml version="1.0" encoding="utf-8"?>
<LOBBYINGDISCLOSURE1>
  <pages>2</pages>
  <regType>2</regType>
  <organizationName>THE VELASQUEZ GROUP, LLC</organizationName>
  <prefix />
  <firstName />
  <lastName />
  <address1>700 PARK STREET, SE</address1>
  <address2 />
  <city>VIENNA</city>
  <state>VA</state>
  <zip>22180</zip>
  <zipext />
  <country>USA</country>
  <principal_city />
  <principal_state />
  <principal_zip />
  <principal_zipext />
  <principal_country />
  <registrantGeneralDescription>Legislative Consulting</registrantGeneralDescription>
  <selfSelect>N</selfSelect>
  <clientName>The Livingston Group, LLC</clientName>
  <clientAddress>499 S. Capitol Street SW, Suite 600</clientAddress>
  <clientCity>Washington </clientCity>
  <clientState>DC</clientState>
  <clientZip>20003</clientZip>
  <clientZipExt />
  <clientCountry>USA</clientCountry>
  <prinClientCity />
  <prinClientState />
  <prinClientZip />
  <prinClientZipExt />
  <prinClientCountry />
  <clientGeneralDescription>Government Affairs Consulting</clientGeneralDescription>
  <senateID>53403</senateID>
  <houseID>34984</houseID>
  <lobbyists>
    <lobbyist>
      <lobbyistFirstName>Jay </lobbyistFirstName>
      <lobbyistLastName>Velasquez</lobbyistLastName>
      <lobbyistSuffix />
      <coveredPosition />
      <lobbyistNew>Y</lobbyistNew>
    </lobbyist>
    <lobbyist>
      <lobbyistFirstName />
      <lobbyistLastName />
      <lobbyistSuffix />
      <coveredPosition />
      <lobbyistNew>Y</lobbyistNew>
    </lobbyist>
    <lobbyist>
      <lobbyistFirstName />
      <lobbyistLastName />
      <lobbyistSuffix />
      <coveredPosition />
      <lobbyistNew>Y</lobbyistNew>
    </lobbyist>
    <lobbyist>
      <lobbyistFirstName />
      <lobbyistLastName />
      <lobbyistSuffix />
      <coveredPosition />
      <lobbyistNew>Y</lobbyistNew>
    </lobbyist>
    <lobbyist>
      <lobbyistFirstName />
      <lobbyistLastName />
      <lobbyistSuffix />
      <coveredPosition />
      <lobbyistNew>Y</lobbyistNew>
    </lobbyist>
  </lobbyists>
  <alis>
    <ali_Code>FIN</ali_Code>
    <ali_Code />
    <ali_Code />
    <ali_Code />
    <ali_Code />
    <ali_Code />
    <ali_Code />
    <ali_Code />
    <ali_Code />
  </alis>
  <specific_issues>Issues related to mutual funds in general</specific_issues>
  <affiliatedOrgs>
    <affiliatedOrg>
      <affiliatedOrgName>Investment Company Institute</affiliatedOrgName>
      <affiliatedOrgAddress>1401 H Street, NW, Ste 1200</affiliatedOrgAddress>
      <affiliatedOrgCity>Washington</affiliatedOrgCity>
      <affiliatedOrgState>DC</affiliatedOrgState>
      <affiliatedOrgZip>20005</affiliatedOrgZip>
      <affiliatedOrgCountry>USA</affiliatedOrgCountry>
      <affiliatedPrinOrgCity>Washington</affiliatedPrinOrgCity>
      <affiliatedPrinOrgState>DC</affiliatedPrinOrgState>
      <affiliatedPrinOrgCountry>USA</affiliatedPrinOrgCountry>
    </affiliatedOrg>
    <affiliatedOrg>
      <affiliatedOrgName />
      <affiliatedOrgAddress />
      <affiliatedOrgCity />
      <affiliatedOrgState />
      <affiliatedOrgZip />
      <affiliatedOrgCountry />
      <affiliatedPrinOrgCity />
      <affiliatedPrinOrgState />
      <affiliatedPrinOrgCountry />
    </affiliatedOrg>
    <affiliatedOrg>
      <affiliatedOrgName />
      <affiliatedOrgAddress />
      <affiliatedOrgCity />
      <affiliatedOrgState />
      <affiliatedOrgZip />
      <affiliatedOrgCountry />
      <affiliatedPrinOrgCity />
      <affiliatedPrinOrgState />
      <affiliatedPrinOrgCountry />
    </affiliatedOrg>
  </affiliatedOrgs>
  <foreignEntities>
    <foreignEntity>
      <name />
      <address />
      <city />
      <state />
      <country />
      <prinCity />
      <prinState />
      <prinCountry />
      <contribution />
      <ownership_Percentage />
    </foreignEntity>
    <foreignEntity>
      <name />
      <address />
      <city />
      <state />
      <country />
      <prinCity />
      <prinState />
      <prinCountry />
      <contribution />
      <ownership_Percentage />
    </foreignEntity>
  </foreignEntities>
  <reportYear>2007</reportYear>
  <reportType>RR</reportType>
  <effectiveDate>01/15/2007</effectiveDate>
  <printedName />
  <signedDate>02/05/2007</signedDate>
</LOBBYINGDISCLOSURE1>