﻿<?xml version="1.0" encoding="utf-8"?>
<LOBBYINGDISCLOSURE1>
  <pages>2</pages>
  <regType>2</regType>
  <organizationName>MILLER &amp; CHEVALIER, CHTD</organizationName>
  <prefix />
  <firstName />
  <lastName />
  <address1>655 FIFTEENTH STREET, NW</address1>
  <address2 />
  <city>WASHINGTON</city>
  <state>DC</state>
  <zip>20005</zip>
  <zipext>5701</zipext>
  <country>USA</country>
  <principal_city />
  <principal_state />
  <principal_zip />
  <principal_zipext />
  <principal_country />
  <registrantGeneralDescription>Law firm</registrantGeneralDescription>
  <selfSelect>N</selfSelect>
  <clientName>CRANE GROUP CO.</clientName>
  <clientAddress>2141 Fairwood Avenue</clientAddress>
  <clientCity>Columbus</clientCity>
  <clientState>OH</clientState>
  <clientZip>43207</clientZip>
  <clientZipExt />
  <clientCountry>USA</clientCountry>
  <prinClientCity />
  <prinClientState />
  <prinClientZip />
  <prinClientZipExt />
  <prinClientCountry />
  <clientGeneralDescription>Manfacturing</clientGeneralDescription>
  <senateID>25306</senateID>
  <houseID>30617</houseID>
  <lobbyists>
    <lobbyist>
      <lobbyistFirstName>Marc J.</lobbyistFirstName>
      <lobbyistLastName>Gerson</lobbyistLastName>
      <lobbyistSuffix />
      <coveredPosition>House Ways &amp; Means Comm., Majority Tax Counsel</coveredPosition>
      <lobbyistNew>Y</lobbyistNew>
    </lobbyist>
    <lobbyist>
      <lobbyistFirstName>Steven</lobbyistFirstName>
      <lobbyistLastName>Schneider</lobbyistLastName>
      <lobbyistSuffix />
      <coveredPosition />
      <lobbyistNew>Y</lobbyistNew>
    </lobbyist>
    <lobbyist>
      <lobbyistFirstName>John</lobbyistFirstName>
      <lobbyistLastName>Gilliland</lobbyistLastName>
      <lobbyistSuffix />
      <coveredPosition>Senate Finance, Int’l Trade Counsel</coveredPosition>
      <lobbyistNew>Y</lobbyistNew>
    </lobbyist>
    <lobbyist>
      <lobbyistFirstName>Zachary</lobbyistFirstName>
      <lobbyistLastName>Paulsen</lobbyistLastName>
      <lobbyistSuffix />
      <coveredPosition>Senate Finance, Int’l Trade Ass’t for Policy</coveredPosition>
      <lobbyistNew>Y</lobbyistNew>
    </lobbyist>
    <lobbyist>
      <lobbyistFirstName />
      <lobbyistLastName />
      <lobbyistSuffix />
      <coveredPosition />
      <lobbyistNew>Y</lobbyistNew>
    </lobbyist>
  </lobbyists>
  <alis>
    <ali_Code>TAX</ali_Code>
    <ali_Code />
    <ali_Code />
    <ali_Code />
    <ali_Code />
    <ali_Code />
    <ali_Code />
    <ali_Code />
    <ali_Code />
  </alis>
  <specific_issues>Small business tax issues.</specific_issues>
  <affiliatedOrgs>
    <affiliatedOrg>
      <affiliatedOrgName />
      <affiliatedOrgAddress />
      <affiliatedOrgCity />
      <affiliatedOrgState />
      <affiliatedOrgZip />
      <affiliatedOrgCountry />
      <affiliatedPrinOrgCity />
      <affiliatedPrinOrgState />
      <affiliatedPrinOrgCountry />
    </affiliatedOrg>
    <affiliatedOrg>
      <affiliatedOrgName />
      <affiliatedOrgAddress />
      <affiliatedOrgCity />
      <affiliatedOrgState />
      <affiliatedOrgZip />
      <affiliatedOrgCountry />
      <affiliatedPrinOrgCity />
      <affiliatedPrinOrgState />
      <affiliatedPrinOrgCountry />
    </affiliatedOrg>
    <affiliatedOrg>
      <affiliatedOrgName />
      <affiliatedOrgAddress />
      <affiliatedOrgCity />
      <affiliatedOrgState />
      <affiliatedOrgZip />
      <affiliatedOrgCountry />
      <affiliatedPrinOrgCity />
      <affiliatedPrinOrgState />
      <affiliatedPrinOrgCountry />
    </affiliatedOrg>
  </affiliatedOrgs>
  <foreignEntities>
    <foreignEntity>
      <name />
      <address />
      <city />
      <state />
      <country />
      <prinCity />
      <prinState />
      <prinCountry />
      <contribution />
      <ownership_Percentage />
    </foreignEntity>
    <foreignEntity>
      <name />
      <address />
      <city />
      <state />
      <country />
      <prinCity />
      <prinState />
      <prinCountry />
      <contribution />
      <ownership_Percentage />
    </foreignEntity>
  </foreignEntities>
  <reportYear>2007</reportYear>
  <reportType>RR</reportType>
  <effectiveDate>01/05/2007</effectiveDate>
  <printedName />
  <signedDate>02/02/2007</signedDate>
</LOBBYINGDISCLOSURE1>