﻿<?xml version="1.0" encoding="utf-8"?>
<LOBBYINGDISCLOSURE1>
  <pages>3</pages>
  <regType>2</regType>
  <organizationName>The DLM Group, LLC</organizationName>
  <prefix />
  <firstName />
  <lastName />
  <address1>9616 Burke View Ave.</address1>
  <address2 />
  <city>Burke</city>
  <state>VA</state>
  <zip>22015</zip>
  <zipext>3006</zipext>
  <country>USA</country>
  <principal_city />
  <principal_state />
  <principal_zip />
  <principal_zipext />
  <principal_country />
  <registrantGeneralDescription>Government Relations</registrantGeneralDescription>
  <selfSelect>N</selfSelect>
  <clientName>Digital Fusion Solutions, Inc.</clientName>
  <clientAddress>4940-A Corporate Drive</clientAddress>
  <clientCity>Huntsville</clientCity>
  <clientState>AL</clientState>
  <clientZip>35805</clientZip>
  <clientZipExt />
  <clientCountry>USA</clientCountry>
  <prinClientCity />
  <prinClientState />
  <prinClientZip />
  <prinClientZipExt />
  <prinClientCountry />
  <clientGeneralDescription>  Informaton Technology, Professional Engineering Services and Logistics Worldwide</clientGeneralDescription>
  <senateID />
  <houseID>39167</houseID>
  <lobbyists>
    <lobbyist>
      <lobbyistFirstName>William B.</lobbyistFirstName>
      <lobbyistLastName>Driggers</lobbyistLastName>
      <lobbyistSuffix>Mr.</lobbyistSuffix>
      <coveredPosition>N/A</coveredPosition>
      <lobbyistNew>Y</lobbyistNew>
    </lobbyist>
    <lobbyist>
      <lobbyistFirstName>Marcus P.</lobbyistFirstName>
      <lobbyistLastName>Lubin</lobbyistLastName>
      <lobbyistSuffix>Mr.</lobbyistSuffix>
      <coveredPosition>N/A</coveredPosition>
      <lobbyistNew>Y</lobbyistNew>
    </lobbyist>
    <lobbyist>
      <lobbyistFirstName>Claude V.</lobbyistFirstName>
      <lobbyistLastName>Meadows</lobbyistLastName>
      <lobbyistSuffix>Mr.</lobbyistSuffix>
      <coveredPosition>N/A</coveredPosition>
      <lobbyistNew>Y</lobbyistNew>
    </lobbyist>
    <lobbyist>
      <lobbyistFirstName />
      <lobbyistLastName />
      <lobbyistSuffix />
      <coveredPosition />
      <lobbyistNew>Y</lobbyistNew>
    </lobbyist>
    <lobbyist>
      <lobbyistFirstName />
      <lobbyistLastName />
      <lobbyistSuffix />
      <coveredPosition />
      <lobbyistNew>Y</lobbyistNew>
    </lobbyist>
    <lobbyist>
      <lobbyistFirstName />
      <lobbyistLastName />
      <lobbyistSuffix />
      <coveredPosition />
      <lobbyistNew>Y</lobbyistNew>
    </lobbyist>
    <lobbyist>
      <lobbyistFirstName />
      <lobbyistLastName />
      <lobbyistSuffix />
      <coveredPosition />
      <lobbyistNew>Y</lobbyistNew>
    </lobbyist>
    <lobbyist>
      <lobbyistFirstName />
      <lobbyistLastName />
      <lobbyistSuffix />
      <coveredPosition />
      <lobbyistNew>Y</lobbyistNew>
    </lobbyist>
    <lobbyist>
      <lobbyistFirstName />
      <lobbyistLastName />
      <lobbyistSuffix />
      <coveredPosition />
      <lobbyistNew>Y</lobbyistNew>
    </lobbyist>
    <lobbyist>
      <lobbyistFirstName />
      <lobbyistLastName />
      <lobbyistSuffix />
      <coveredPosition />
      <lobbyistNew>Y</lobbyistNew>
    </lobbyist>
    <lobbyist>
      <lobbyistFirstName />
      <lobbyistLastName />
      <lobbyistSuffix />
      <coveredPosition />
      <lobbyistNew>Y</lobbyistNew>
    </lobbyist>
  </lobbyists>
  <alis>
    <ali_Code>DEF</ali_Code>
    <ali_Code />
    <ali_Code />
    <ali_Code />
    <ali_Code />
    <ali_Code />
    <ali_Code />
    <ali_Code />
    <ali_Code />
    <ali_Code />
    <ali_Code />
    <ali_Code />
    <ali_Code />
    <ali_Code />
    <ali_Code />
    <ali_Code />
    <ali_Code />
    <ali_Code />
  </alis>
  <specific_issues>Annual Defense Budget</specific_issues>
  <affiliatedOrgs>
    <affiliatedOrg>
      <affiliatedOrgName />
      <affiliatedOrgAddress />
      <affiliatedOrgCity />
      <affiliatedOrgState />
      <affiliatedOrgZip />
      <affiliatedOrgCountry />
      <affiliatedPrinOrgCity />
      <affiliatedPrinOrgState />
      <affiliatedPrinOrgCountry />
    </affiliatedOrg>
    <affiliatedOrg>
      <affiliatedOrgName />
      <affiliatedOrgAddress />
      <affiliatedOrgCity />
      <affiliatedOrgState />
      <affiliatedOrgZip />
      <affiliatedOrgCountry />
      <affiliatedPrinOrgCity />
      <affiliatedPrinOrgState />
      <affiliatedPrinOrgCountry />
    </affiliatedOrg>
    <affiliatedOrg>
      <affiliatedOrgName />
      <affiliatedOrgAddress />
      <affiliatedOrgCity />
      <affiliatedOrgState />
      <affiliatedOrgZip />
      <affiliatedOrgCountry />
      <affiliatedPrinOrgCity />
      <affiliatedPrinOrgState />
      <affiliatedPrinOrgCountry />
    </affiliatedOrg>
    <affiliatedOrg>
      <affiliatedOrgName />
      <affiliatedOrgAddress />
      <affiliatedOrgCity />
      <affiliatedOrgState />
      <affiliatedOrgZip />
      <affiliatedOrgCountry />
      <affiliatedPrinOrgCity />
      <affiliatedPrinOrgState />
      <affiliatedPrinOrgCountry />
    </affiliatedOrg>
    <affiliatedOrg>
      <affiliatedOrgName />
      <affiliatedOrgAddress />
      <affiliatedOrgCity />
      <affiliatedOrgState />
      <affiliatedOrgZip />
      <affiliatedOrgCountry />
      <affiliatedPrinOrgCity />
      <affiliatedPrinOrgState />
      <affiliatedPrinOrgCountry />
    </affiliatedOrg>
    <affiliatedOrg>
      <affiliatedOrgName />
      <affiliatedOrgAddress />
      <affiliatedOrgCity />
      <affiliatedOrgState />
      <affiliatedOrgZip />
      <affiliatedOrgCountry />
      <affiliatedPrinOrgCity />
      <affiliatedPrinOrgState />
      <affiliatedPrinOrgCountry />
    </affiliatedOrg>
  </affiliatedOrgs>
  <foreignEntities>
    <foreignEntity>
      <name />
      <address />
      <city />
      <state />
      <country />
      <prinCity />
      <prinState />
      <prinCountry />
      <contribution />
      <ownership_Percentage />
    </foreignEntity>
    <foreignEntity>
      <name />
      <address />
      <city />
      <state />
      <country />
      <prinCity />
      <prinState />
      <prinCountry />
      <contribution />
      <ownership_Percentage />
    </foreignEntity>
    <foreignEntity>
      <name />
      <address />
      <city />
      <state />
      <country />
      <prinCity />
      <prinState />
      <prinCountry />
      <contribution />
      <ownership_Percentage />
    </foreignEntity>
    <foreignEntity>
      <name />
      <address />
      <city />
      <state />
      <country />
      <prinCity />
      <prinState />
      <prinCountry />
      <contribution />
      <ownership_Percentage />
    </foreignEntity>
    <foreignEntity>
      <name />
      <address />
      <city />
      <state />
      <country />
      <prinCity />
      <prinState />
      <prinCountry />
      <contribution />
      <ownership_Percentage />
    </foreignEntity>
  </foreignEntities>
  <reportYear>2007</reportYear>
  <reportType>RR</reportType>
  <effectiveDate>02/10/2007</effectiveDate>
  <printedName />
  <signedDate>02/10/2007</signedDate>
</LOBBYINGDISCLOSURE1>