﻿<?xml version="1.0" encoding="utf-8"?>
<LOBBYINGDISCLOSURE1>
  <pages>2</pages>
  <regType>2</regType>
  <organizationName>McAllister &amp; Quinn LLC</organizationName>
  <prefix />
  <firstName />
  <lastName />
  <address1>1133 Connecticut Avenue, Suite 725</address1>
  <address2 />
  <city>Washington</city>
  <state>DC</state>
  <zip>20036</zip>
  <zipext />
  <country>USA</country>
  <principal_city />
  <principal_state />
  <principal_zip />
  <principal_zipext />
  <principal_country />
  <registrantGeneralDescription>Lobbying Firm</registrantGeneralDescription>
  <selfSelect>N</selfSelect>
  <clientName>Inficon Inc.</clientName>
  <clientAddress>Two Technology Place</clientAddress>
  <clientCity>Syracuse</clientCity>
  <clientState>NY</clientState>
  <clientZip>13057</clientZip>
  <clientZipExt />
  <clientCountry>USA</clientCountry>
  <prinClientCity />
  <prinClientState />
  <prinClientZip />
  <prinClientZipExt />
  <prinClientCountry />
  <clientGeneralDescription>Manufacturer</clientGeneralDescription>
  <senateID>292573</senateID>
  <houseID>37315</houseID>
  <lobbyists>
    <lobbyist>
      <lobbyistFirstName>John</lobbyistFirstName>
      <lobbyistLastName>McAllister</lobbyistLastName>
      <lobbyistSuffix>Mr.</lobbyistSuffix>
      <coveredPosition />
      <lobbyistNew>Y</lobbyistNew>
    </lobbyist>
    <lobbyist>
      <lobbyistFirstName>Andrew</lobbyistFirstName>
      <lobbyistLastName>Quinn</lobbyistLastName>
      <lobbyistSuffix>Mr.</lobbyistSuffix>
      <coveredPosition />
      <lobbyistNew>Y</lobbyistNew>
    </lobbyist>
    <lobbyist>
      <lobbyistFirstName>Ellen </lobbyistFirstName>
      <lobbyistLastName>Riddleberger</lobbyistLastName>
      <lobbyistSuffix>Ms.</lobbyistSuffix>
      <coveredPosition />
      <lobbyistNew>Y</lobbyistNew>
    </lobbyist>
    <lobbyist>
      <lobbyistFirstName>Amanda</lobbyistFirstName>
      <lobbyistLastName>Parsons</lobbyistLastName>
      <lobbyistSuffix>Ms.</lobbyistSuffix>
      <coveredPosition />
      <lobbyistNew>Y</lobbyistNew>
    </lobbyist>
    <lobbyist>
      <lobbyistFirstName>Brian </lobbyistFirstName>
      <lobbyistLastName>Stout</lobbyistLastName>
      <lobbyistSuffix>Mr.</lobbyistSuffix>
      <coveredPosition />
      <lobbyistNew>Y</lobbyistNew>
    </lobbyist>
  </lobbyists>
  <alis>
    <ali_Code>BUD</ali_Code>
    <ali_Code />
    <ali_Code />
    <ali_Code />
    <ali_Code />
    <ali_Code />
    <ali_Code />
    <ali_Code />
    <ali_Code />
  </alis>
  <specific_issues>Appropriations</specific_issues>
  <affiliatedOrgs>
    <affiliatedOrg>
      <affiliatedOrgName />
      <affiliatedOrgAddress />
      <affiliatedOrgCity />
      <affiliatedOrgState />
      <affiliatedOrgZip />
      <affiliatedOrgCountry />
      <affiliatedPrinOrgCity />
      <affiliatedPrinOrgState />
      <affiliatedPrinOrgCountry />
    </affiliatedOrg>
    <affiliatedOrg>
      <affiliatedOrgName />
      <affiliatedOrgAddress />
      <affiliatedOrgCity />
      <affiliatedOrgState />
      <affiliatedOrgZip />
      <affiliatedOrgCountry />
      <affiliatedPrinOrgCity />
      <affiliatedPrinOrgState />
      <affiliatedPrinOrgCountry />
    </affiliatedOrg>
    <affiliatedOrg>
      <affiliatedOrgName />
      <affiliatedOrgAddress />
      <affiliatedOrgCity />
      <affiliatedOrgState />
      <affiliatedOrgZip />
      <affiliatedOrgCountry />
      <affiliatedPrinOrgCity />
      <affiliatedPrinOrgState />
      <affiliatedPrinOrgCountry />
    </affiliatedOrg>
  </affiliatedOrgs>
  <foreignEntities>
    <foreignEntity>
      <name />
      <address />
      <city />
      <state />
      <country />
      <prinCity />
      <prinState />
      <prinCountry />
      <contribution />
      <ownership_Percentage />
    </foreignEntity>
    <foreignEntity>
      <name />
      <address />
      <city />
      <state />
      <country />
      <prinCity />
      <prinState />
      <prinCountry />
      <contribution />
      <ownership_Percentage />
    </foreignEntity>
  </foreignEntities>
  <reportYear>2007</reportYear>
  <reportType>RR</reportType>
  <effectiveDate>02/13/2007</effectiveDate>
  <printedName />
  <signedDate>02/13/2007</signedDate>
</LOBBYINGDISCLOSURE1>