<LOBBYINGDISCLOSURE1>
   <imported>Y</imported>
   <pages>2</pages>
   <regType>2</regType>
   <organizationName>Hogan Lovells US LLP f/k/a Hogan &amp; Hartson LLP</organizationName>
   <prefix>Mrs.</prefix>
   <firstName></firstName>
   <lastName></lastName>
   <address1>COLUMBIA SQUARE</address1>
   <address2>555 THIRTEENTH STREET NW</address2>
   <city>WASHINGTON</city>
   <state>DC</state>
   <zip>20004</zip>
   <zipext>1109</zipext>
   <country>USA</country>
   <principal_city></principal_city>
   <principal_state></principal_state>
   <principal_zip></principal_zip>
   <principal_zipext></principal_zipext>
   <principal_country></principal_country>
   <registrantGeneralDescription>Law Firm</registrantGeneralDescription>
   <selfSelect>N</selfSelect>
   <clientName>Amarillo Economic Development Corporation</clientName>
   <clientAddress>801 South Fillmore, Suite 205</clientAddress>
   <clientCity>Amarillo</clientCity>
   <clientState>TX</clientState>
   <clientZip>79101</clientZip>
   <clientZipExt></clientZipExt>
   <clientCountry>USA</clientCountry>
   <prinClientCity></prinClientCity>
   <prinClientState></prinClientState>
   <prinClientZip></prinClientZip>
   <prinClientZipExt></prinClientZipExt>
   <prinClientCountry></prinClientCountry>
   <clientGeneralDescription>Economic Development Corporation</clientGeneralDescription>
   <senateID>18422</senateID>
   <houseID>304700634</houseID>
   <lobbyists>
      <lobbyist>
         <lobbyistFirstName>Charles Kyle</lobbyistFirstName>
         <lobbyistLastName>Simpson</lobbyistLastName>
         <lobbyistSuffix></lobbyistSuffix>
         <coveredPosition>Sr. Policy Advisor to Secretary U.S. Dept. of Energy (cont.)</coveredPosition>
         <lobbyistNew></lobbyistNew>
      </lobbyist>
      <lobbyist>
         <lobbyistFirstName>Charles Kyle</lobbyistFirstName>
         <lobbyistLastName>Simpson</lobbyistLastName>
         <lobbyistSuffix></lobbyistSuffix>
         <coveredPosition>Assoc. Deputy Secretary - U.S. Dept.of Energy; (cont.)</coveredPosition>
         <lobbyistNew></lobbyistNew>
      </lobbyist>
      <lobbyist>
         <lobbyistFirstName>Charles Kyle</lobbyistFirstName>
         <lobbyistLastName>Simpson</lobbyistLastName>
         <lobbyistSuffix></lobbyistSuffix>
         <coveredPosition>Staff Director to Deputy Director- U.S. Dept. of Energy</coveredPosition>
         <lobbyistNew></lobbyistNew>
      </lobbyist>
      <lobbyist>
         <lobbyistFirstName>Jack N.</lobbyistFirstName>
         <lobbyistLastName>Jacobson</lobbyistLastName>
         <lobbyistSuffix></lobbyistSuffix>
         <coveredPosition></coveredPosition>
         <lobbyistNew></lobbyistNew>
      </lobbyist>
      <lobbyist>
         <lobbyistFirstName></lobbyistFirstName>
         <lobbyistLastName></lobbyistLastName>
         <lobbyistSuffix></lobbyistSuffix>
         <coveredPosition></coveredPosition>
         <lobbyistNew></lobbyistNew>
      </lobbyist>
   </lobbyists>
   <alis>
      <ali_Code>ECN</ali_Code>
      <ali_Code>ENG</ali_Code>
      <ali_Code></ali_Code>
      <ali_Code></ali_Code>
      <ali_Code></ali_Code>
      <ali_Code></ali_Code>
      <ali_Code></ali_Code>
      <ali_Code></ali_Code>
      <ali_Code></ali_Code>
   </alis>
   <specific_issues>Monitor economic development legislation, issues affecting Pantex, highway funding, and other economic development matters.</specific_issues>
   <affiliatedUrl></affiliatedUrl>
   <affiliatedOrgs>
      <affiliatedOrg>
         <affiliatedOrgName></affiliatedOrgName>
         <affiliatedOrgAddress></affiliatedOrgAddress>
         <affiliatedOrgCity></affiliatedOrgCity>
         <affiliatedOrgState></affiliatedOrgState>
         <affiliatedOrgZip></affiliatedOrgZip>
         <affiliatedOrgCountry></affiliatedOrgCountry>
         <affiliatedPrinOrgCity></affiliatedPrinOrgCity>
         <affiliatedPrinOrgState></affiliatedPrinOrgState>
         <affiliatedPrinOrgCountry></affiliatedPrinOrgCountry>
      </affiliatedOrg>
      <affiliatedOrg>
         <affiliatedOrgName></affiliatedOrgName>
         <affiliatedOrgAddress></affiliatedOrgAddress>
         <affiliatedOrgCity></affiliatedOrgCity>
         <affiliatedOrgState></affiliatedOrgState>
         <affiliatedOrgZip></affiliatedOrgZip>
         <affiliatedOrgCountry></affiliatedOrgCountry>
         <affiliatedPrinOrgCity></affiliatedPrinOrgCity>
         <affiliatedPrinOrgState></affiliatedPrinOrgState>
         <affiliatedPrinOrgCountry></affiliatedPrinOrgCountry>
      </affiliatedOrg>
      <affiliatedOrg>
         <affiliatedOrgName></affiliatedOrgName>
         <affiliatedOrgAddress></affiliatedOrgAddress>
         <affiliatedOrgCity></affiliatedOrgCity>
         <affiliatedOrgState></affiliatedOrgState>
         <affiliatedOrgZip></affiliatedOrgZip>
         <affiliatedOrgCountry></affiliatedOrgCountry>
         <affiliatedPrinOrgCity></affiliatedPrinOrgCity>
         <affiliatedPrinOrgState></affiliatedPrinOrgState>
         <affiliatedPrinOrgCountry></affiliatedPrinOrgCountry>
      </affiliatedOrg>
   </affiliatedOrgs>
   <foreignEntities>
      <foreignEntity>
         <name></name>
         <address></address>
         <city></city>
         <state></state>
         <country></country>
         <prinCity></prinCity>
         <prinState></prinState>
         <prinCountry></prinCountry>
         <contribution></contribution>
         <ownership_Percentage></ownership_Percentage>
      </foreignEntity>
      <foreignEntity>
         <name></name>
         <address></address>
         <city></city>
         <state></state>
         <country></country>
         <prinCity></prinCity>
         <prinState></prinState>
         <prinCountry></prinCountry>
         <contribution></contribution>
         <ownership_Percentage></ownership_Percentage>
      </foreignEntity>
   </foreignEntities>
   <reportYear>2011</reportYear>
   <reportType>RR</reportType>
   <effectiveDate>01/14/2011</effectiveDate>
   <printedName>Charles Kyle Simpson,  Senior Legislative Advisor</printedName>
   <signedDate>01/26/2011</signedDate>
   <signerEmail>Simpson, Charles Kyle</signerEmail>
</LOBBYINGDISCLOSURE1>