<LOBBYINGDISCLOSURE1>
   <imported>N</imported>
   <pages>3</pages>
   <regType>2</regType>
   <organizationName>Covington &amp; Burling LLP</organizationName>
   <prefix></prefix>
   <firstName></firstName>
   <lastName></lastName>
   <address1>1201 Pennsylvania Avenue, NW</address1>
   <address2></address2>
   <city>Washington</city>
   <state>DC</state>
   <zip>20004</zip>
   <zipext></zipext>
   <country>USA</country>
   <principal_city></principal_city>
   <principal_state></principal_state>
   <principal_zip></principal_zip>
   <principal_zipext></principal_zipext>
   <principal_country></principal_country>
   <registrantGeneralDescription>Law firm.</registrantGeneralDescription>
   <selfSelect>N</selfSelect>
   <clientName>International Food &amp; Beverage Association (IFBA)</clientName>
   <clientAddress>150, Route de Ferney, 1218 Grand Saconnex, Office Number 447</clientAddress>
   <clientCity>Geneva</clientCity>
   <clientState></clientState>
   <clientZip>0000</clientZip>
   <clientZipExt></clientZipExt>
   <clientCountry>SUI</clientCountry>
   <prinClientCity></prinClientCity>
   <prinClientState></prinClientState>
   <prinClientZip></prinClientZip>
   <prinClientZipExt></prinClientZipExt>
   <prinClientCountry></prinClientCountry>
   <clientGeneralDescription>Trade association representting major food and beverage industries</clientGeneralDescription>
   <senateID>11195</senateID>
   <houseID>318270241</houseID>
   <lobbyists>
      <lobbyist>
         <lobbyistFirstName>Daniel</lobbyistFirstName>
         <lobbyistLastName>Spiegel</lobbyistLastName>
         <lobbyistSuffix></lobbyistSuffix>
         <coveredPosition>U.S. Ambassador to the UN (Geneva)</coveredPosition>
         <lobbyistNew>Y</lobbyistNew>
      </lobbyist>
      <lobbyist>
         <lobbyistFirstName>Anne</lobbyistFirstName>
         <lobbyistLastName>Pence</lobbyistLastName>
         <lobbyistSuffix></lobbyistSuffix>
         <coveredPosition></coveredPosition>
         <lobbyistNew>Y</lobbyistNew>
      </lobbyist>
      <lobbyist>
         <lobbyistFirstName></lobbyistFirstName>
         <lobbyistLastName></lobbyistLastName>
         <lobbyistSuffix></lobbyistSuffix>
         <coveredPosition></coveredPosition>
         <lobbyistNew>Y</lobbyistNew>
      </lobbyist>
      <lobbyist>
         <lobbyistFirstName></lobbyistFirstName>
         <lobbyistLastName></lobbyistLastName>
         <lobbyistSuffix></lobbyistSuffix>
         <coveredPosition></coveredPosition>
         <lobbyistNew>Y</lobbyistNew>
      </lobbyist>
      <lobbyist>
         <lobbyistFirstName></lobbyistFirstName>
         <lobbyistLastName></lobbyistLastName>
         <lobbyistSuffix></lobbyistSuffix>
         <coveredPosition></coveredPosition>
         <lobbyistNew>Y</lobbyistNew>
      </lobbyist>
      <lobbyist>
         <lobbyistFirstName></lobbyistFirstName>
         <lobbyistLastName></lobbyistLastName>
         <lobbyistSuffix></lobbyistSuffix>
         <coveredPosition></coveredPosition>
         <lobbyistNew>Y</lobbyistNew>
      </lobbyist>
      <lobbyist>
         <lobbyistFirstName></lobbyistFirstName>
         <lobbyistLastName></lobbyistLastName>
         <lobbyistSuffix></lobbyistSuffix>
         <coveredPosition></coveredPosition>
         <lobbyistNew>Y</lobbyistNew>
      </lobbyist>
      <lobbyist>
         <lobbyistFirstName></lobbyistFirstName>
         <lobbyistLastName></lobbyistLastName>
         <lobbyistSuffix></lobbyistSuffix>
         <coveredPosition></coveredPosition>
         <lobbyistNew>Y</lobbyistNew>
      </lobbyist>
      <lobbyist>
         <lobbyistFirstName></lobbyistFirstName>
         <lobbyistLastName></lobbyistLastName>
         <lobbyistSuffix></lobbyistSuffix>
         <coveredPosition></coveredPosition>
         <lobbyistNew>Y</lobbyistNew>
      </lobbyist>
      <lobbyist>
         <lobbyistFirstName></lobbyistFirstName>
         <lobbyistLastName></lobbyistLastName>
         <lobbyistSuffix></lobbyistSuffix>
         <coveredPosition></coveredPosition>
         <lobbyistNew>Y</lobbyistNew>
      </lobbyist>
      <lobbyist>
         <lobbyistFirstName></lobbyistFirstName>
         <lobbyistLastName></lobbyistLastName>
         <lobbyistSuffix></lobbyistSuffix>
         <coveredPosition></coveredPosition>
         <lobbyistNew>Y</lobbyistNew>
      </lobbyist>
   </lobbyists>
   <alis>
      <ali_Code>FOO</ali_Code>
      <ali_Code>HCR</ali_Code>
      <ali_Code></ali_Code>
      <ali_Code></ali_Code>
      <ali_Code></ali_Code>
      <ali_Code></ali_Code>
      <ali_Code></ali_Code>
      <ali_Code></ali_Code>
      <ali_Code></ali_Code>
      <ali_Code></ali_Code>
      <ali_Code></ali_Code>
      <ali_Code></ali_Code>
      <ali_Code></ali_Code>
      <ali_Code></ali_Code>
      <ali_Code></ali_Code>
      <ali_Code></ali_Code>
      <ali_Code></ali_Code>
      <ali_Code></ali_Code>
   </alis>
   <specific_issues>Representation of IFBA and a group of its member companies before the World Health Organization on matters relating to diet and health and non-communicable diseases.</specific_issues>
   <affiliatedUrl></affiliatedUrl>
   <affiliatedOrgs>
      <affiliatedOrg>
         <affiliatedOrgName>The Coca-Cola company</affiliatedOrgName>
         <affiliatedOrgAddress>PO Box 1734</affiliatedOrgAddress>
         <affiliatedOrgCity>Atlanta</affiliatedOrgCity>
         <affiliatedOrgState>GA</affiliatedOrgState>
         <affiliatedOrgZip>30301</affiliatedOrgZip>
         <affiliatedOrgCountry>USA</affiliatedOrgCountry>
         <affiliatedPrinOrgCity></affiliatedPrinOrgCity>
         <affiliatedPrinOrgState></affiliatedPrinOrgState>
         <affiliatedPrinOrgCountry></affiliatedPrinOrgCountry>
      </affiliatedOrg>
      <affiliatedOrg>
         <affiliatedOrgName>PepsiCo</affiliatedOrgName>
         <affiliatedOrgAddress>700 Anderson Hill Road</affiliatedOrgAddress>
         <affiliatedOrgCity>Purchase</affiliatedOrgCity>
         <affiliatedOrgState>NY</affiliatedOrgState>
         <affiliatedOrgZip>10577</affiliatedOrgZip>
         <affiliatedOrgCountry>USA</affiliatedOrgCountry>
         <affiliatedPrinOrgCity></affiliatedPrinOrgCity>
         <affiliatedPrinOrgState></affiliatedPrinOrgState>
         <affiliatedPrinOrgCountry></affiliatedPrinOrgCountry>
      </affiliatedOrg>
      <affiliatedOrg>
         <affiliatedOrgName>Kellogg</affiliatedOrgName>
         <affiliatedOrgAddress>One Kellogg Square, PO Box 3599</affiliatedOrgAddress>
         <affiliatedOrgCity>Battle Creek</affiliatedOrgCity>
         <affiliatedOrgState>MI</affiliatedOrgState>
         <affiliatedOrgZip>49016</affiliatedOrgZip>
         <affiliatedOrgCountry>USA</affiliatedOrgCountry>
         <affiliatedPrinOrgCity></affiliatedPrinOrgCity>
         <affiliatedPrinOrgState></affiliatedPrinOrgState>
         <affiliatedPrinOrgCountry></affiliatedPrinOrgCountry>
      </affiliatedOrg>
      <affiliatedOrg>
         <affiliatedOrgName>General Mills, Inc.</affiliatedOrgName>
         <affiliatedOrgAddress>PO box 9452</affiliatedOrgAddress>
         <affiliatedOrgCity>Minneapolis</affiliatedOrgCity>
         <affiliatedOrgState>MN</affiliatedOrgState>
         <affiliatedOrgZip>55440</affiliatedOrgZip>
         <affiliatedOrgCountry>USA</affiliatedOrgCountry>
         <affiliatedPrinOrgCity></affiliatedPrinOrgCity>
         <affiliatedPrinOrgState></affiliatedPrinOrgState>
         <affiliatedPrinOrgCountry></affiliatedPrinOrgCountry>
      </affiliatedOrg>
      <affiliatedOrg>
         <affiliatedOrgName>Kraft Foods Inc.</affiliatedOrgName>
         <affiliatedOrgAddress>Three Lake Drive</affiliatedOrgAddress>
         <affiliatedOrgCity>Northfield</affiliatedOrgCity>
         <affiliatedOrgState>IL</affiliatedOrgState>
         <affiliatedOrgZip>60093</affiliatedOrgZip>
         <affiliatedOrgCountry>USA</affiliatedOrgCountry>
         <affiliatedPrinOrgCity></affiliatedPrinOrgCity>
         <affiliatedPrinOrgState></affiliatedPrinOrgState>
         <affiliatedPrinOrgCountry></affiliatedPrinOrgCountry>
      </affiliatedOrg>
      <affiliatedOrg>
         <affiliatedOrgName>MARS North America</affiliatedOrgName>
         <affiliatedOrgAddress>100 International Drive</affiliatedOrgAddress>
         <affiliatedOrgCity>Mount Olive</affiliatedOrgCity>
         <affiliatedOrgState>NJ</affiliatedOrgState>
         <affiliatedOrgZip>07828</affiliatedOrgZip>
         <affiliatedOrgCountry>USA</affiliatedOrgCountry>
         <affiliatedPrinOrgCity></affiliatedPrinOrgCity>
         <affiliatedPrinOrgState></affiliatedPrinOrgState>
         <affiliatedPrinOrgCountry></affiliatedPrinOrgCountry>
      </affiliatedOrg>
   </affiliatedOrgs>
   <foreignEntities>
      <foreignEntity>
         <name>Nestle S.A.</name>
         <address>Avenue Nestle 55</address>
         <city>Vevey 1800</city>
         <state></state>
         <country>SUI</country>
         <prinCity>Vevey</prinCity>
         <prinState></prinState>
         <prinCountry>SUI</prinCountry>
         <contribution>8000.00</contribution>
         <ownership_Percentage>0</ownership_Percentage>
      </foreignEntity>
      <foreignEntity>
         <name>Unilever</name>
         <address>Unilever House, 100 Victoria Embnkmt</address>
         <city>London EC4Y0D</city>
         <state></state>
         <country>GBR</country>
         <prinCity>London</prinCity>
         <prinState></prinState>
         <prinCountry>GBR</prinCountry>
         <contribution>8000.00</contribution>
         <ownership_Percentage>0</ownership_Percentage>
      </foreignEntity>
      <foreignEntity>
         <name>Grupo Bimbo</name>
         <address>1000 Col. Pena Blanca Sante Fe</address>
         <city>Obregon DF CP 01210</city>
         <state></state>
         <country>MEX</country>
         <prinCity></prinCity>
         <prinState></prinState>
         <prinCountry></prinCountry>
         <contribution>8000.00</contribution>
         <ownership_Percentage>0</ownership_Percentage>
      </foreignEntity>
      <foreignEntity>
         <name>Ferrero S.p.A.</name>
         <address>Via Maria Cristina 47 10025 Pino Torines</address>
         <city>Torino</city>
         <state></state>
         <country>ITA</country>
         <prinCity></prinCity>
         <prinState></prinState>
         <prinCountry></prinCountry>
         <contribution>8000.00</contribution>
         <ownership_Percentage>0</ownership_Percentage>
      </foreignEntity>
      <foreignEntity>
         <name></name>
         <address></address>
         <city></city>
         <state></state>
         <country></country>
         <prinCity></prinCity>
         <prinState></prinState>
         <prinCountry></prinCountry>
         <contribution></contribution>
         <ownership_Percentage></ownership_Percentage>
      </foreignEntity>
   </foreignEntities>
   <reportYear>2011</reportYear>
   <reportType>RR</reportType>
   <effectiveDate>01/01/2011</effectiveDate>
   <printedName>Daniel L. Spiegel, Senior of Counsel</printedName>
   <signedDate>01/19/2011</signedDate>
   <signerEmail></signerEmail>
</LOBBYINGDISCLOSURE1>