<LOBBYINGDISCLOSURE1>
  <imported>N</imported>
  <pages>3</pages>
  <regType>2</regType>
  <organizationName></organizationName>
  <prefix>Mr.</prefix>
  <firstName>Douglas</firstName>
  <lastName>Davenport</lastName>
  <address1>3721 North Vermont Street</address1>
  <address2></address2>
  <city>Arlington</city>
  <state>VA</state>
  <zip>22207</zip>
  <zipext></zipext>
  <country>USA</country>
  <principal_city></principal_city>
  <principal_state></principal_state>
  <principal_zip></principal_zip>
  <principal_zipext></principal_zipext>
  <principal_country></principal_country>
  <contactIntlPhone />
  <registrantGeneralDescription>Public Affairs</registrantGeneralDescription>
  <selfSelect>N</selfSelect>
  <clientName>Avue Technologies Corporation</clientName>
  <clientAddress>1145 Broadway Plaza, Suite 800</clientAddress>
  <clientCity>Tacoma</clientCity>
  <clientState>WA</clientState>
  <clientZip>98402</clientZip>
  <clientZipExt></clientZipExt>
  <clientCountry>USA</clientCountry>
  <prinClientCity>Washington</prinClientCity>
  <prinClientState>DC</prinClientState>
  <prinClientZip>20036</prinClientZip>
  <prinClientZipExt></prinClientZipExt>
  <prinClientCountry>USA</prinClientCountry>
  <clientGeneralDescription>On-Line Federal Job Recruitment and Staffing Management Systems</clientGeneralDescription>
  <senateID>61493</senateID>
  <houseID>354080004</houseID>
  <lobbyists>
    <lobbyist>
      <lobbyistFirstName>Douglas</lobbyistFirstName>
      <lobbyistLastName>Davenport</lobbyistLastName>
      <lobbyistSuffix></lobbyistSuffix>
      <coveredPosition>N/A</coveredPosition>
      <lobbyistNew>Y</lobbyistNew>
    </lobbyist>
    <lobbyist>
      <lobbyistFirstName></lobbyistFirstName>
      <lobbyistLastName></lobbyistLastName>
      <lobbyistSuffix></lobbyistSuffix>
      <coveredPosition></coveredPosition>
      <lobbyistNew>Y</lobbyistNew>
    </lobbyist>
    <lobbyist>
      <lobbyistFirstName></lobbyistFirstName>
      <lobbyistLastName></lobbyistLastName>
      <lobbyistSuffix></lobbyistSuffix>
      <coveredPosition></coveredPosition>
      <lobbyistNew>Y</lobbyistNew>
    </lobbyist>
    <lobbyist>
      <lobbyistFirstName></lobbyistFirstName>
      <lobbyistLastName></lobbyistLastName>
      <lobbyistSuffix></lobbyistSuffix>
      <coveredPosition></coveredPosition>
      <lobbyistNew>Y</lobbyistNew>
    </lobbyist>
    <lobbyist>
      <lobbyistFirstName></lobbyistFirstName>
      <lobbyistLastName></lobbyistLastName>
      <lobbyistSuffix></lobbyistSuffix>
      <coveredPosition></coveredPosition>
      <lobbyistNew>Y</lobbyistNew>
    </lobbyist>
    <lobbyist>
      <lobbyistFirstName></lobbyistFirstName>
      <lobbyistLastName></lobbyistLastName>
      <lobbyistSuffix></lobbyistSuffix>
      <coveredPosition></coveredPosition>
      <lobbyistNew>Y</lobbyistNew>
    </lobbyist>
    <lobbyist>
      <lobbyistFirstName></lobbyistFirstName>
      <lobbyistLastName></lobbyistLastName>
      <lobbyistSuffix></lobbyistSuffix>
      <coveredPosition></coveredPosition>
      <lobbyistNew>Y</lobbyistNew>
    </lobbyist>
    <lobbyist>
      <lobbyistFirstName></lobbyistFirstName>
      <lobbyistLastName></lobbyistLastName>
      <lobbyistSuffix></lobbyistSuffix>
      <coveredPosition></coveredPosition>
      <lobbyistNew>Y</lobbyistNew>
    </lobbyist>
    <lobbyist>
      <lobbyistFirstName></lobbyistFirstName>
      <lobbyistLastName></lobbyistLastName>
      <lobbyistSuffix></lobbyistSuffix>
      <coveredPosition></coveredPosition>
      <lobbyistNew>Y</lobbyistNew>
    </lobbyist>
    <lobbyist>
      <lobbyistFirstName></lobbyistFirstName>
      <lobbyistLastName></lobbyistLastName>
      <lobbyistSuffix></lobbyistSuffix>
      <coveredPosition></coveredPosition>
      <lobbyistNew>Y</lobbyistNew>
    </lobbyist>
    <lobbyist>
      <lobbyistFirstName></lobbyistFirstName>
      <lobbyistLastName></lobbyistLastName>
      <lobbyistSuffix></lobbyistSuffix>
      <coveredPosition></coveredPosition>
      <lobbyistNew>Y</lobbyistNew>
    </lobbyist>
  </lobbyists>
  <alis>
    <ali_Code>BUD</ali_Code>
    <ali_Code>GOV</ali_Code>
    <ali_Code>SCI</ali_Code>
    <ali_Code></ali_Code>
    <ali_Code></ali_Code>
    <ali_Code></ali_Code>
    <ali_Code></ali_Code>
    <ali_Code></ali_Code>
    <ali_Code></ali_Code>
    <ali_Code></ali_Code>
    <ali_Code></ali_Code>
    <ali_Code></ali_Code>
    <ali_Code></ali_Code>
    <ali_Code></ali_Code>
    <ali_Code></ali_Code>
    <ali_Code></ali_Code>
    <ali_Code></ali_Code>
    <ali_Code></ali_Code>
  </alis>
  <specific_issues>Federal Procurement of Avue Systems; Government Oversight of the Federal Hiring Process</specific_issues>
  <affiliatedUrl></affiliatedUrl>
  <affiliatedOrgs>
    <affiliatedOrg>
      <affiliatedOrgName></affiliatedOrgName>
      <affiliatedOrgAddress></affiliatedOrgAddress>
      <affiliatedOrgCity></affiliatedOrgCity>
      <affiliatedOrgState></affiliatedOrgState>
      <affiliatedOrgZip></affiliatedOrgZip>
      <affiliatedOrgCountry></affiliatedOrgCountry>
      <affiliatedPrinOrgCity></affiliatedPrinOrgCity>
      <affiliatedPrinOrgState></affiliatedPrinOrgState>
      <affiliatedPrinOrgCountry></affiliatedPrinOrgCountry>
    </affiliatedOrg>
    <affiliatedOrg>
      <affiliatedOrgName></affiliatedOrgName>
      <affiliatedOrgAddress></affiliatedOrgAddress>
      <affiliatedOrgCity></affiliatedOrgCity>
      <affiliatedOrgState></affiliatedOrgState>
      <affiliatedOrgZip></affiliatedOrgZip>
      <affiliatedOrgCountry></affiliatedOrgCountry>
      <affiliatedPrinOrgCity></affiliatedPrinOrgCity>
      <affiliatedPrinOrgState></affiliatedPrinOrgState>
      <affiliatedPrinOrgCountry></affiliatedPrinOrgCountry>
    </affiliatedOrg>
    <affiliatedOrg>
      <affiliatedOrgName></affiliatedOrgName>
      <affiliatedOrgAddress></affiliatedOrgAddress>
      <affiliatedOrgCity></affiliatedOrgCity>
      <affiliatedOrgState></affiliatedOrgState>
      <affiliatedOrgZip></affiliatedOrgZip>
      <affiliatedOrgCountry></affiliatedOrgCountry>
      <affiliatedPrinOrgCity></affiliatedPrinOrgCity>
      <affiliatedPrinOrgState></affiliatedPrinOrgState>
      <affiliatedPrinOrgCountry></affiliatedPrinOrgCountry>
    </affiliatedOrg>
    <affiliatedOrg>
      <affiliatedOrgName></affiliatedOrgName>
      <affiliatedOrgAddress></affiliatedOrgAddress>
      <affiliatedOrgCity></affiliatedOrgCity>
      <affiliatedOrgState></affiliatedOrgState>
      <affiliatedOrgZip></affiliatedOrgZip>
      <affiliatedOrgCountry></affiliatedOrgCountry>
      <affiliatedPrinOrgCity></affiliatedPrinOrgCity>
      <affiliatedPrinOrgState></affiliatedPrinOrgState>
      <affiliatedPrinOrgCountry></affiliatedPrinOrgCountry>
    </affiliatedOrg>
    <affiliatedOrg>
      <affiliatedOrgName></affiliatedOrgName>
      <affiliatedOrgAddress></affiliatedOrgAddress>
      <affiliatedOrgCity></affiliatedOrgCity>
      <affiliatedOrgState></affiliatedOrgState>
      <affiliatedOrgZip></affiliatedOrgZip>
      <affiliatedOrgCountry></affiliatedOrgCountry>
      <affiliatedPrinOrgCity></affiliatedPrinOrgCity>
      <affiliatedPrinOrgState></affiliatedPrinOrgState>
      <affiliatedPrinOrgCountry></affiliatedPrinOrgCountry>
    </affiliatedOrg>
    <affiliatedOrg>
      <affiliatedOrgName></affiliatedOrgName>
      <affiliatedOrgAddress></affiliatedOrgAddress>
      <affiliatedOrgCity></affiliatedOrgCity>
      <affiliatedOrgState></affiliatedOrgState>
      <affiliatedOrgZip></affiliatedOrgZip>
      <affiliatedOrgCountry></affiliatedOrgCountry>
      <affiliatedPrinOrgCity></affiliatedPrinOrgCity>
      <affiliatedPrinOrgState></affiliatedPrinOrgState>
      <affiliatedPrinOrgCountry></affiliatedPrinOrgCountry>
    </affiliatedOrg>
  </affiliatedOrgs>
  <foreignEntities>
    <foreignEntity>
      <name></name>
      <address></address>
      <city></city>
      <state></state>
      <country></country>
      <prinCity></prinCity>
      <prinState></prinState>
      <prinCountry></prinCountry>
      <contribution></contribution>
      <ownership_Percentage></ownership_Percentage>
    </foreignEntity>
    <foreignEntity>
      <name></name>
      <address></address>
      <city></city>
      <state></state>
      <country></country>
      <prinCity></prinCity>
      <prinState></prinState>
      <prinCountry></prinCountry>
      <contribution></contribution>
      <ownership_Percentage></ownership_Percentage>
    </foreignEntity>
    <foreignEntity>
      <name></name>
      <address></address>
      <city></city>
      <state></state>
      <country></country>
      <prinCity></prinCity>
      <prinState></prinState>
      <prinCountry></prinCountry>
      <contribution></contribution>
      <ownership_Percentage></ownership_Percentage>
    </foreignEntity>
    <foreignEntity>
      <name></name>
      <address></address>
      <city></city>
      <state></state>
      <country></country>
      <prinCity></prinCity>
      <prinState></prinState>
      <prinCountry></prinCountry>
      <contribution></contribution>
      <ownership_Percentage></ownership_Percentage>
    </foreignEntity>
    <foreignEntity>
      <name></name>
      <address></address>
      <city></city>
      <state></state>
      <country></country>
      <prinCity></prinCity>
      <prinState></prinState>
      <prinCountry></prinCountry>
      <contribution></contribution>
      <ownership_Percentage></ownership_Percentage>
    </foreignEntity>
  </foreignEntities>
  <reportYear>2011</reportYear>
  <reportType>RR</reportType>
  <effectiveDate>1/01/2011</effectiveDate>
  <printedName>Douglas B. Davenport</printedName>
  <signedDate>1/20/2011</signedDate>
  <signerEmail>ddavenport71@gmail.com</signerEmail>
</LOBBYINGDISCLOSURE1>