<LOBBYINGDISCLOSURE1>
  <imported>N</imported>
  <pages>2</pages>
  <regType>2</regType>
  <organizationName>John Duncan and Associates, LLC</organizationName>
  <prefix>Mr.</prefix>
  <firstName></firstName>
  <lastName></lastName>
  <address1>1207 Independence Ave SE</address1>
  <address2></address2>
  <city>Washington</city>
  <state>DC</state>
  <zip>20003</zip>
  <zipext>1445</zipext>
  <country>USA</country>
  <principal_city></principal_city>
  <principal_state></principal_state>
  <principal_zip></principal_zip>
  <principal_zipext></principal_zipext>
  <principal_country></principal_country>
  <contactIntlPhone />
  <registrantGeneralDescription>Government Relations</registrantGeneralDescription>
  <selfSelect>N</selfSelect>
  <clientName>Jones Walker ( on behalf of the Mortgage Electronic Registration System (MERS))</clientName>
  <clientAddress>1818 Library Street, Suite 300</clientAddress>
  <clientCity>Reston</clientCity>
  <clientState>VA</clientState>
  <clientZip>20190</clientZip>
  <clientZipExt></clientZipExt>
  <clientCountry>US</clientCountry>
  <prinClientCity></prinClientCity>
  <prinClientState></prinClientState>
  <prinClientZip></prinClientZip>
  <prinClientZipExt></prinClientZipExt>
  <prinClientCountry></prinClientCountry>
  <clientGeneralDescription>Mortgage Electronic Registration System</clientGeneralDescription>
  <senateID>40025200</senateID>
  <houseID>398570006</houseID>
  <lobbyists>
    <lobbyist>
      <lobbyistFirstName>John</lobbyistFirstName>
      <lobbyistLastName>Duncan</lobbyistLastName>
      <lobbyistSuffix></lobbyistSuffix>
      <coveredPosition>Deputy Undersecretary Department of the Treasury</coveredPosition>
      <lobbyistNew>Y</lobbyistNew>
    </lobbyist>
    <lobbyist>
      <lobbyistFirstName></lobbyistFirstName>
      <lobbyistLastName></lobbyistLastName>
      <lobbyistSuffix></lobbyistSuffix>
      <coveredPosition>AA Senator William V. Roth, Jr</coveredPosition>
      <lobbyistNew>Y</lobbyistNew>
    </lobbyist>
    <lobbyist>
      <lobbyistFirstName></lobbyistFirstName>
      <lobbyistLastName></lobbyistLastName>
      <lobbyistSuffix></lobbyistSuffix>
      <coveredPosition></coveredPosition>
      <lobbyistNew>Y</lobbyistNew>
    </lobbyist>
    <lobbyist>
      <lobbyistFirstName></lobbyistFirstName>
      <lobbyistLastName></lobbyistLastName>
      <lobbyistSuffix></lobbyistSuffix>
      <coveredPosition></coveredPosition>
      <lobbyistNew>Y</lobbyistNew>
    </lobbyist>
    <lobbyist>
      <lobbyistFirstName></lobbyistFirstName>
      <lobbyistLastName></lobbyistLastName>
      <lobbyistSuffix></lobbyistSuffix>
      <coveredPosition></coveredPosition>
      <lobbyistNew>Y</lobbyistNew>
    </lobbyist>
    <lobbyist>
      <lobbyistFirstName></lobbyistFirstName>
      <lobbyistLastName></lobbyistLastName>
      <lobbyistSuffix></lobbyistSuffix>
      <coveredPosition></coveredPosition>
      <lobbyistNew>Y</lobbyistNew>
    </lobbyist>
    <lobbyist>
      <lobbyistFirstName></lobbyistFirstName>
      <lobbyistLastName></lobbyistLastName>
      <lobbyistSuffix></lobbyistSuffix>
      <coveredPosition></coveredPosition>
      <lobbyistNew>Y</lobbyistNew>
    </lobbyist>
    <lobbyist>
      <lobbyistFirstName></lobbyistFirstName>
      <lobbyistLastName></lobbyistLastName>
      <lobbyistSuffix></lobbyistSuffix>
      <coveredPosition></coveredPosition>
      <lobbyistNew>Y</lobbyistNew>
    </lobbyist>
    <lobbyist>
      <lobbyistFirstName></lobbyistFirstName>
      <lobbyistLastName></lobbyistLastName>
      <lobbyistSuffix></lobbyistSuffix>
      <coveredPosition></coveredPosition>
      <lobbyistNew>Y</lobbyistNew>
    </lobbyist>
    <lobbyist>
      <lobbyistFirstName></lobbyistFirstName>
      <lobbyistLastName></lobbyistLastName>
      <lobbyistSuffix></lobbyistSuffix>
      <coveredPosition></coveredPosition>
      <lobbyistNew>Y</lobbyistNew>
    </lobbyist>
    <lobbyist>
      <lobbyistFirstName></lobbyistFirstName>
      <lobbyistLastName></lobbyistLastName>
      <lobbyistSuffix></lobbyistSuffix>
      <coveredPosition></coveredPosition>
      <lobbyistNew>Y</lobbyistNew>
    </lobbyist>
  </lobbyists>
  <alis>
    <ali_Code>BAN</ali_Code>
    <ali_Code>GOV</ali_Code>
    <ali_Code></ali_Code>
    <ali_Code></ali_Code>
    <ali_Code></ali_Code>
    <ali_Code></ali_Code>
    <ali_Code></ali_Code>
    <ali_Code></ali_Code>
    <ali_Code></ali_Code>
    <ali_Code></ali_Code>
    <ali_Code></ali_Code>
    <ali_Code></ali_Code>
    <ali_Code></ali_Code>
    <ali_Code></ali_Code>
    <ali_Code></ali_Code>
    <ali_Code></ali_Code>
    <ali_Code></ali_Code>
    <ali_Code></ali_Code>
  </alis>
  <specific_issues>Implementation of the PWG's capital market initiatives
Dodd / Frank financial Regulatory Reform - legislation and implementation
Regulators' and Congress' review of the foreclosure crisis</specific_issues>
  <affiliatedUrl></affiliatedUrl>
  <affiliatedOrgs>
    <affiliatedOrg>
      <affiliatedOrgName></affiliatedOrgName>
      <affiliatedOrgAddress></affiliatedOrgAddress>
      <affiliatedOrgCity></affiliatedOrgCity>
      <affiliatedOrgState></affiliatedOrgState>
      <affiliatedOrgZip></affiliatedOrgZip>
      <affiliatedOrgCountry></affiliatedOrgCountry>
      <affiliatedPrinOrgCity></affiliatedPrinOrgCity>
      <affiliatedPrinOrgState></affiliatedPrinOrgState>
      <affiliatedPrinOrgCountry></affiliatedPrinOrgCountry>
    </affiliatedOrg>
    <affiliatedOrg>
      <affiliatedOrgName></affiliatedOrgName>
      <affiliatedOrgAddress></affiliatedOrgAddress>
      <affiliatedOrgCity></affiliatedOrgCity>
      <affiliatedOrgState></affiliatedOrgState>
      <affiliatedOrgZip></affiliatedOrgZip>
      <affiliatedOrgCountry></affiliatedOrgCountry>
      <affiliatedPrinOrgCity></affiliatedPrinOrgCity>
      <affiliatedPrinOrgState></affiliatedPrinOrgState>
      <affiliatedPrinOrgCountry></affiliatedPrinOrgCountry>
    </affiliatedOrg>
    <affiliatedOrg>
      <affiliatedOrgName></affiliatedOrgName>
      <affiliatedOrgAddress></affiliatedOrgAddress>
      <affiliatedOrgCity></affiliatedOrgCity>
      <affiliatedOrgState></affiliatedOrgState>
      <affiliatedOrgZip></affiliatedOrgZip>
      <affiliatedOrgCountry></affiliatedOrgCountry>
      <affiliatedPrinOrgCity></affiliatedPrinOrgCity>
      <affiliatedPrinOrgState></affiliatedPrinOrgState>
      <affiliatedPrinOrgCountry></affiliatedPrinOrgCountry>
    </affiliatedOrg>
    <affiliatedOrg>
      <affiliatedOrgName></affiliatedOrgName>
      <affiliatedOrgAddress></affiliatedOrgAddress>
      <affiliatedOrgCity></affiliatedOrgCity>
      <affiliatedOrgState></affiliatedOrgState>
      <affiliatedOrgZip></affiliatedOrgZip>
      <affiliatedOrgCountry></affiliatedOrgCountry>
      <affiliatedPrinOrgCity></affiliatedPrinOrgCity>
      <affiliatedPrinOrgState></affiliatedPrinOrgState>
      <affiliatedPrinOrgCountry></affiliatedPrinOrgCountry>
    </affiliatedOrg>
    <affiliatedOrg>
      <affiliatedOrgName></affiliatedOrgName>
      <affiliatedOrgAddress></affiliatedOrgAddress>
      <affiliatedOrgCity></affiliatedOrgCity>
      <affiliatedOrgState></affiliatedOrgState>
      <affiliatedOrgZip></affiliatedOrgZip>
      <affiliatedOrgCountry></affiliatedOrgCountry>
      <affiliatedPrinOrgCity></affiliatedPrinOrgCity>
      <affiliatedPrinOrgState></affiliatedPrinOrgState>
      <affiliatedPrinOrgCountry></affiliatedPrinOrgCountry>
    </affiliatedOrg>
    <affiliatedOrg>
      <affiliatedOrgName></affiliatedOrgName>
      <affiliatedOrgAddress></affiliatedOrgAddress>
      <affiliatedOrgCity></affiliatedOrgCity>
      <affiliatedOrgState></affiliatedOrgState>
      <affiliatedOrgZip></affiliatedOrgZip>
      <affiliatedOrgCountry></affiliatedOrgCountry>
      <affiliatedPrinOrgCity></affiliatedPrinOrgCity>
      <affiliatedPrinOrgState></affiliatedPrinOrgState>
      <affiliatedPrinOrgCountry></affiliatedPrinOrgCountry>
    </affiliatedOrg>
  </affiliatedOrgs>
  <foreignEntities>
    <foreignEntity>
      <name></name>
      <address></address>
      <city></city>
      <state></state>
      <country></country>
      <prinCity></prinCity>
      <prinState></prinState>
      <prinCountry></prinCountry>
      <contribution></contribution>
      <ownership_Percentage></ownership_Percentage>
    </foreignEntity>
    <foreignEntity>
      <name></name>
      <address></address>
      <city></city>
      <state></state>
      <country></country>
      <prinCity></prinCity>
      <prinState></prinState>
      <prinCountry></prinCountry>
      <contribution></contribution>
      <ownership_Percentage></ownership_Percentage>
    </foreignEntity>
    <foreignEntity>
      <name></name>
      <address></address>
      <city></city>
      <state></state>
      <country></country>
      <prinCity></prinCity>
      <prinState></prinState>
      <prinCountry></prinCountry>
      <contribution></contribution>
      <ownership_Percentage></ownership_Percentage>
    </foreignEntity>
    <foreignEntity>
      <name></name>
      <address></address>
      <city></city>
      <state></state>
      <country></country>
      <prinCity></prinCity>
      <prinState></prinState>
      <prinCountry></prinCountry>
      <contribution></contribution>
      <ownership_Percentage></ownership_Percentage>
    </foreignEntity>
    <foreignEntity>
      <name></name>
      <address></address>
      <city></city>
      <state></state>
      <country></country>
      <prinCity></prinCity>
      <prinState></prinState>
      <prinCountry></prinCountry>
      <contribution></contribution>
      <ownership_Percentage></ownership_Percentage>
    </foreignEntity>
  </foreignEntities>
  <reportYear>2011</reportYear>
  <reportType>RR</reportType>
  <effectiveDate>01/01/2011</effectiveDate>
  <printedName>John Duncan, President, John Duncan &amp; Associates</printedName>
  <signedDate>2/8/2011</signedDate>
  <signerEmail>jduncanassociates@gmail.com</signerEmail>
</LOBBYINGDISCLOSURE1>