﻿<?xml version="1.0" encoding="utf-8"?>
<?xml-stylesheet type='text/xsl' href='../../ld1webpage.xsl'?>
<LOBBYINGDISCLOSURE1>
  <imported>N</imported>
  <pages>2</pages>
  <regType>3</regType>
  <organizationName>Ben Barnes Group LP</organizationName>
  <prefix>
  </prefix>
  <firstName>
  </firstName>
  <lastName>
  </lastName>
  <address1>901 S Mopac Expressway</address1>
  <address2>Suite 1-100</address2>
  <city>Austin</city>
  <state>TX</state>
  <zip>78746</zip>
  <zipext>
  </zipext>
  <country>USA</country>
  <principal_city>
  </principal_city>
  <principal_state>
  </principal_state>
  <principal_zip>
  </principal_zip>
  <principal_zipext>
  </principal_zipext>
  <principal_country>
  </principal_country>
  <contactIntlPhone>
  </contactIntlPhone>
  <registrantGeneralDescription>Legislative / Business Consultant</registrantGeneralDescription>
  <selfSelect>N</selfSelect>
  <clientName>Edward Oliver</clientName>
  <clientAddress>715 Clear Lake Road</clientAddress>
  <clientCity>Kemah</clientCity>
  <clientState>TX</clientState>
  <clientZip>77563</clientZip>
  <clientZipExt>2463</clientZipExt>
  <clientCountry>USA</clientCountry>
  <prinClientCity>
  </prinClientCity>
  <prinClientState>
  </prinClientState>
  <prinClientZip>
  </prinClientZip>
  <prinClientZipExt>
  </prinClientZipExt>
  <prinClientCountry>
  </prinClientCountry>
  <clientGeneralDescription>Attorney</clientGeneralDescription>
  <senateID>5415-1003578</senateID>
  <houseID>335290115</houseID>
  <lobbyists>
    <lobbyist>
      <lobbyistFirstName>Ben</lobbyistFirstName>
      <lobbyistLastName>Barnes</lobbyistLastName>
      <lobbyistSuffix>
      </lobbyistSuffix>
      <coveredPosition>
      </coveredPosition>
      <lobbyistNew>Y</lobbyistNew>
    </lobbyist>
    <lobbyist>
      <lobbyistFirstName>Kent</lobbyistFirstName>
      <lobbyistLastName>Caperton</lobbyistLastName>
      <lobbyistSuffix>
      </lobbyistSuffix>
      <coveredPosition>
      </coveredPosition>
      <lobbyistNew>Y</lobbyistNew>
    </lobbyist>
    <lobbyist>
      <lobbyistFirstName>Wyeth</lobbyistFirstName>
      <lobbyistLastName>Wiedeman</lobbyistLastName>
      <lobbyistSuffix>
      </lobbyistSuffix>
      <coveredPosition>
      </coveredPosition>
      <lobbyistNew>Y</lobbyistNew>
    </lobbyist>
    <lobbyist>
      <lobbyistFirstName>Scott</lobbyistFirstName>
      <lobbyistLastName>Moorhead</lobbyistLastName>
      <lobbyistSuffix>
      </lobbyistSuffix>
      <coveredPosition>
      </coveredPosition>
      <lobbyistNew>Y</lobbyistNew>
    </lobbyist>
    <lobbyist>
      <lobbyistFirstName>Patsy</lobbyistFirstName>
      <lobbyistLastName>Thomasson</lobbyistLastName>
      <lobbyistSuffix>
      </lobbyistSuffix>
      <coveredPosition>
      </coveredPosition>
      <lobbyistNew>Y</lobbyistNew>
    </lobbyist>
  </lobbyists>
  <alis>
    <ali_Code>MAR</ali_Code>
    <ali_Code>NAT</ali_Code>
    <ali_Code>
    </ali_Code>
    <ali_Code>
    </ali_Code>
    <ali_Code>
    </ali_Code>
    <ali_Code>
    </ali_Code>
    <ali_Code>
    </ali_Code>
    <ali_Code>
    </ali_Code>
    <ali_Code>
    </ali_Code>
  </alis>
  <specific_issues>Working on permit to allow drilling rig into Alaska</specific_issues>
  <affiliatedUrl>
  </affiliatedUrl>
  <affiliatedOrgs>
    <affiliatedOrg>
      <affiliatedOrgName>Furie Petroleum Co., LLC</affiliatedOrgName>
      <affiliatedOrgAddress>100 Enterprise Avenue</affiliatedOrgAddress>
      <affiliatedOrgCity>League City</affiliatedOrgCity>
      <affiliatedOrgState>TX</affiliatedOrgState>
      <affiliatedOrgZip>77573</affiliatedOrgZip>
      <affiliatedOrgCountry>USA</affiliatedOrgCountry>
      <affiliatedPrinOrgCity>
      </affiliatedPrinOrgCity>
      <affiliatedPrinOrgState>
      </affiliatedPrinOrgState>
      <affiliatedPrinOrgCountry>
      </affiliatedPrinOrgCountry>
    </affiliatedOrg>
    <affiliatedOrg>
      <affiliatedOrgName>Furie Operating of Alaska</affiliatedOrgName>
      <affiliatedOrgAddress>100 Enterprise Avenue</affiliatedOrgAddress>
      <affiliatedOrgCity>League City</affiliatedOrgCity>
      <affiliatedOrgState>TX</affiliatedOrgState>
      <affiliatedOrgZip>77573</affiliatedOrgZip>
      <affiliatedOrgCountry>USA</affiliatedOrgCountry>
      <affiliatedPrinOrgCity>
      </affiliatedPrinOrgCity>
      <affiliatedPrinOrgState>
      </affiliatedPrinOrgState>
      <affiliatedPrinOrgCountry>
      </affiliatedPrinOrgCountry>
    </affiliatedOrg>
    <affiliatedOrg>
      <affiliatedOrgName>Cornucopia Oil &amp; Gas Co., LLC</affiliatedOrgName>
      <affiliatedOrgAddress>100 Enterprise Avenue</affiliatedOrgAddress>
      <affiliatedOrgCity>League City</affiliatedOrgCity>
      <affiliatedOrgState>TX</affiliatedOrgState>
      <affiliatedOrgZip>77573</affiliatedOrgZip>
      <affiliatedOrgCountry>USA</affiliatedOrgCountry>
      <affiliatedPrinOrgCity>
      </affiliatedPrinOrgCity>
      <affiliatedPrinOrgState>
      </affiliatedPrinOrgState>
      <affiliatedPrinOrgCountry>
      </affiliatedPrinOrgCountry>
    </affiliatedOrg>
    <affiliatedOrg>
      <affiliatedOrgName>Spartan Offshore Drilling, LLC</affiliatedOrgName>
      <affiliatedOrgAddress>3820 North Causeway Boulevard, Suite 1160</affiliatedOrgAddress>
      <affiliatedOrgCity>Metairie</affiliatedOrgCity>
      <affiliatedOrgState>LA</affiliatedOrgState>
      <affiliatedOrgZip>70002</affiliatedOrgZip>
      <affiliatedOrgCountry>USA</affiliatedOrgCountry>
      <affiliatedPrinOrgCity>
      </affiliatedPrinOrgCity>
      <affiliatedPrinOrgState>
      </affiliatedPrinOrgState>
      <affiliatedPrinOrgCountry>
      </affiliatedPrinOrgCountry>
    </affiliatedOrg>
    <affiliatedOrg>
      <affiliatedOrgName>Furie Operating, LLC</affiliatedOrgName>
      <affiliatedOrgAddress>100 Enterprise Avenue</affiliatedOrgAddress>
      <affiliatedOrgCity>League City</affiliatedOrgCity>
      <affiliatedOrgState>TX</affiliatedOrgState>
      <affiliatedOrgZip>77573</affiliatedOrgZip>
      <affiliatedOrgCountry>USA</affiliatedOrgCountry>
      <affiliatedPrinOrgCity>
      </affiliatedPrinOrgCity>
      <affiliatedPrinOrgState>
      </affiliatedPrinOrgState>
      <affiliatedPrinOrgCountry>
      </affiliatedPrinOrgCountry>
    </affiliatedOrg>
  </affiliatedOrgs>
  <foreignEntities>
    <foreignEntity>
      <name>Kay Rieck</name>
      <address>Diemerhaldenstr. 23</address>
      <city>Stuttgart</city>
      <state>
      </state>
      <country>GER</country>
      <prinCity>
      </prinCity>
      <prinState>
      </prinState>
      <prinCountry>
      </prinCountry>
      <contribution>950000</contribution>
      <ownership_Percentage>100</ownership_Percentage>
    </foreignEntity>
    <foreignEntity>
      <name>
      </name>
      <address>
      </address>
      <city>
      </city>
      <state>
      </state>
      <country>
      </country>
      <prinCity>
      </prinCity>
      <prinState>
      </prinState>
      <prinCountry>
      </prinCountry>
      <contribution>
      </contribution>
      <ownership_Percentage>
      </ownership_Percentage>
    </foreignEntity>
  </foreignEntities>
  <reportYear>2011</reportYear>
  <reportType>RA</reportType>
  <effectiveDate>4/19/2011</effectiveDate>
  <printedName>Ben Barnes</printedName>
  <signedDate>11/18/2014 12:25:34 PM</signedDate>
</LOBBYINGDISCLOSURE1>