<?xml version="1.0"?>
<?xml-stylesheet type='text/xsl' href='../../ld1.xsl'?>
<LOBBYINGDISCLOSURE1>
   <imported>N</imported>
   <pages>2</pages>
   <regType>2</regType>
   <organizationName>WINNING STRATEGIES WASHINGTON</organizationName>
   <prefix></prefix>
   <firstName></firstName>
   <lastName></lastName>
   <address1>409 7TH STREET, NW</address1>
   <address2>SUITE 450</address2>
   <city>WASHINGTON</city>
   <state>DC</state>
   <zip>20004</zip>
   <zipext></zipext>
   <country>USA</country>
   <principal_city></principal_city>
   <principal_state></principal_state>
   <principal_zip></principal_zip>
   <principal_zipext></principal_zipext>
   <principal_country></principal_country>
   <registrantGeneralDescription>Public Charity</registrantGeneralDescription>
   <selfSelect>N</selfSelect>
   <clientName>Charley's Fund</clientName>
   <clientAddress>635 Main Street, Suite 3</clientAddress>
   <clientCity>Great Barrington</clientCity>
   <clientState>MA</clientState>
   <clientZip>01230</clientZip>
   <clientZipExt></clientZipExt>
   <clientCountry>USA</clientCountry>
   <prinClientCity></prinClientCity>
   <prinClientState></prinClientState>
   <prinClientZip></prinClientZip>
   <prinClientZipExt></prinClientZipExt>
   <prinClientCountry></prinClientCountry>
   <clientGeneralDescription>Directing donated funding to support research in Duchenne Muscular Dystrophy</clientGeneralDescription>
   <senateID>50796</senateID>
   <houseID>347240150</houseID>
   <lobbyists>
      <lobbyist>
         <lobbyistFirstName>Donna </lobbyistFirstName>
         <lobbyistLastName>Mullins</lobbyistLastName>
         <lobbyistSuffix></lobbyistSuffix>
         <coveredPosition>CoS/Approps Staff, Rep. Frelinghuysen and Rep. Dean Gallo</coveredPosition>
         <lobbyistNew>Y</lobbyistNew>
      </lobbyist>
      <lobbyist>
         <lobbyistFirstName>Robert</lobbyistFirstName>
         <lobbyistLastName>Zucker</lobbyistLastName>
         <lobbyistSuffix></lobbyistSuffix>
         <coveredPosition>LD, Rep. Rothman; LA,Rep. Evans (IL); Sen. Lautenberg</coveredPosition>
         <lobbyistNew>Y</lobbyistNew>
      </lobbyist>
      <lobbyist>
         <lobbyistFirstName>Charla Penn</lobbyistFirstName>
         <lobbyistLastName>McManus</lobbyistLastName>
         <lobbyistSuffix></lobbyistSuffix>
         <coveredPosition>LA, Rep. Pascrell; SA/LC/LA, Rep. Boyd</coveredPosition>
         <lobbyistNew>Y</lobbyistNew>
      </lobbyist>
      <lobbyist>
         <lobbyistFirstName>Chelsey Penrod</lobbyistFirstName>
         <lobbyistLastName>Hickman</lobbyistLastName>
         <lobbyistSuffix></lobbyistSuffix>
         <coveredPosition>CoS, Rep. Kay Granger; LA Sen. Larry Craig</coveredPosition>
         <lobbyistNew>Y</lobbyistNew>
      </lobbyist>
      <lobbyist>
         <lobbyistFirstName>Scott</lobbyistFirstName>
         <lobbyistLastName>Mackenzie</lobbyistLastName>
         <lobbyistSuffix></lobbyistSuffix>
         <coveredPosition></coveredPosition>
         <lobbyistNew>Y</lobbyistNew>
      </lobbyist>
   </lobbyists>
   <alis>
      <ali_Code>HCR</ali_Code>
      <ali_Code>MED</ali_Code>
      <ali_Code></ali_Code>
      <ali_Code></ali_Code>
      <ali_Code></ali_Code>
      <ali_Code></ali_Code>
      <ali_Code></ali_Code>
      <ali_Code></ali_Code>
      <ali_Code></ali_Code>
   </alis>
   <specific_issues>Implementation of the accelrated approval provisions of FDASIA as it pertains to treatments applicable for rare, deadly childhood deseases.</specific_issues>
   <affiliatedUrl></affiliatedUrl>
   <affiliatedOrgs>
      <affiliatedOrg>
         <affiliatedOrgName></affiliatedOrgName>
         <affiliatedOrgAddress></affiliatedOrgAddress>
         <affiliatedOrgCity></affiliatedOrgCity>
         <affiliatedOrgState></affiliatedOrgState>
         <affiliatedOrgZip></affiliatedOrgZip>
         <affiliatedOrgCountry></affiliatedOrgCountry>
         <affiliatedPrinOrgCity></affiliatedPrinOrgCity>
         <affiliatedPrinOrgState></affiliatedPrinOrgState>
         <affiliatedPrinOrgCountry></affiliatedPrinOrgCountry>
      </affiliatedOrg>
      <affiliatedOrg>
         <affiliatedOrgName></affiliatedOrgName>
         <affiliatedOrgAddress></affiliatedOrgAddress>
         <affiliatedOrgCity></affiliatedOrgCity>
         <affiliatedOrgState></affiliatedOrgState>
         <affiliatedOrgZip></affiliatedOrgZip>
         <affiliatedOrgCountry></affiliatedOrgCountry>
         <affiliatedPrinOrgCity></affiliatedPrinOrgCity>
         <affiliatedPrinOrgState></affiliatedPrinOrgState>
         <affiliatedPrinOrgCountry></affiliatedPrinOrgCountry>
      </affiliatedOrg>
      <affiliatedOrg>
         <affiliatedOrgName></affiliatedOrgName>
         <affiliatedOrgAddress></affiliatedOrgAddress>
         <affiliatedOrgCity></affiliatedOrgCity>
         <affiliatedOrgState></affiliatedOrgState>
         <affiliatedOrgZip></affiliatedOrgZip>
         <affiliatedOrgCountry></affiliatedOrgCountry>
         <affiliatedPrinOrgCity></affiliatedPrinOrgCity>
         <affiliatedPrinOrgState></affiliatedPrinOrgState>
         <affiliatedPrinOrgCountry></affiliatedPrinOrgCountry>
      </affiliatedOrg>
   </affiliatedOrgs>
   <foreignEntities>
      <foreignEntity>
         <name></name>
         <address></address>
         <city></city>
         <state></state>
         <country></country>
         <prinCity></prinCity>
         <prinState></prinState>
         <prinCountry></prinCountry>
         <contribution></contribution>
         <ownership_Percentage></ownership_Percentage>
      </foreignEntity>
      <foreignEntity>
         <name></name>
         <address></address>
         <city></city>
         <state></state>
         <country></country>
         <prinCity></prinCity>
         <prinState></prinState>
         <prinCountry></prinCountry>
         <contribution></contribution>
         <ownership_Percentage></ownership_Percentage>
      </foreignEntity>
   </foreignEntities>
   <reportYear>2014</reportYear>
   <reportType>RR</reportType>
   <effectiveDate>01/15/2014</effectiveDate>
   <printedName>Donna F. Mullins</printedName>
   <signedDate>02/24/2014</signedDate>
</LOBBYINGDISCLOSURE1>