<?xml version="1.0"?>
<?xml-stylesheet type='text/xsl' href='../../ld1.xsl'?>
<LOBBYINGDISCLOSURE1>
   <imported>N</imported>
   <pages>2</pages>
   <regType>2</regType>
   <organizationName>Thorn Run Partners</organizationName>
   <prefix></prefix>
   <firstName></firstName>
   <lastName></lastName>
   <address1>1720 Eye Street, NW</address1>
   <address2>Suite 400</address2>
   <city>Washington</city>
   <state>DC</state>
   <zip>20006</zip>
   <zipext></zipext>
   <country>USA</country>
   <principal_city></principal_city>
   <principal_state></principal_state>
   <principal_zip></principal_zip>
   <principal_zipext></principal_zipext>
   <principal_country></principal_country>
   <registrantGeneralDescription>lobbying firm</registrantGeneralDescription>
   <selfSelect>N</selfSelect>
   <clientName>Partnership for Part D Access (informal coalition)</clientName>
   <clientAddress>1701 K Street, NW, Suite 400</clientAddress>
   <clientCity>Washington</clientCity>
   <clientState>DC</clientState>
   <clientZip>20006</clientZip>
   <clientZipExt></clientZipExt>
   <clientCountry>USA</clientCountry>
   <prinClientCity></prinClientCity>
   <prinClientState></prinClientState>
   <prinClientZip></prinClientZip>
   <prinClientZipExt></prinClientZipExt>
   <prinClientCountry></prinClientCountry>
   <clientGeneralDescription>informal coalition focused on Medicare Part D</clientGeneralDescription>
   <senateID>400534596</senateID>
   <houseID>411610053</houseID>
   <lobbyists>
      <lobbyist>
         <lobbyistFirstName>Catherine</lobbyistFirstName>
         <lobbyistLastName>Finley</lobbyistLastName>
         <lobbyistSuffix></lobbyistSuffix>
         <coveredPosition>StaffDir,SenAging;SrHlthPolAdv:Smith,Snowe;LegCorr,DeWine</coveredPosition>
         <lobbyistNew>Y</lobbyistNew>
      </lobbyist>
      <lobbyist>
         <lobbyistFirstName>Alex</lobbyistFirstName>
         <lobbyistLastName>DelPizzo</lobbyistLastName>
         <lobbyistSuffix></lobbyistSuffix>
         <coveredPosition>LD/LA,Rep.Ferguson;Transp&amp;InfrastructureCmte</coveredPosition>
         <lobbyistNew>Y</lobbyistNew>
      </lobbyist>
      <lobbyist>
         <lobbyistFirstName>Jessie</lobbyistFirstName>
         <lobbyistLastName>Brairton</lobbyistLastName>
         <lobbyistSuffix></lobbyistSuffix>
         <coveredPosition>SrLA/LA:CongL.Smith;LC,Asst:SenAgingComm</coveredPosition>
         <lobbyistNew>Y</lobbyistNew>
      </lobbyist>
      <lobbyist>
         <lobbyistFirstName>Gary</lobbyistFirstName>
         <lobbyistLastName>Palmquist</lobbyistLastName>
         <lobbyistSuffix></lobbyistSuffix>
         <coveredPosition>LegDir-Dennis Cardoza,Bob Clement,Ken Bentsen</coveredPosition>
         <lobbyistNew>Y</lobbyistNew>
      </lobbyist>
      <lobbyist>
         <lobbyistFirstName></lobbyistFirstName>
         <lobbyistLastName></lobbyistLastName>
         <lobbyistSuffix></lobbyistSuffix>
         <coveredPosition></coveredPosition>
         <lobbyistNew>Y</lobbyistNew>
      </lobbyist>
   </lobbyists>
   <alis>
      <ali_Code>MMM</ali_Code>
      <ali_Code></ali_Code>
      <ali_Code></ali_Code>
      <ali_Code></ali_Code>
      <ali_Code></ali_Code>
      <ali_Code></ali_Code>
      <ali_Code></ali_Code>
      <ali_Code></ali_Code>
      <ali_Code></ali_Code>
   </alis>
   <specific_issues>Issues related to Medicare Part D. </specific_issues>
   <affiliatedUrl></affiliatedUrl>
   <affiliatedOrgs>
      <affiliatedOrg>
         <affiliatedOrgName>Natl Council for Behavioral Health</affiliatedOrgName>
         <affiliatedOrgAddress>1701 K Street NW, Suite 400</affiliatedOrgAddress>
         <affiliatedOrgCity>Washington</affiliatedOrgCity>
         <affiliatedOrgState>DC</affiliatedOrgState>
         <affiliatedOrgZip>20006</affiliatedOrgZip>
         <affiliatedOrgCountry>USA</affiliatedOrgCountry>
         <affiliatedPrinOrgCity></affiliatedPrinOrgCity>
         <affiliatedPrinOrgState></affiliatedPrinOrgState>
         <affiliatedPrinOrgCountry></affiliatedPrinOrgCountry>
      </affiliatedOrg>
      <affiliatedOrg>
         <affiliatedOrgName></affiliatedOrgName>
         <affiliatedOrgAddress></affiliatedOrgAddress>
         <affiliatedOrgCity></affiliatedOrgCity>
         <affiliatedOrgState></affiliatedOrgState>
         <affiliatedOrgZip></affiliatedOrgZip>
         <affiliatedOrgCountry></affiliatedOrgCountry>
         <affiliatedPrinOrgCity></affiliatedPrinOrgCity>
         <affiliatedPrinOrgState></affiliatedPrinOrgState>
         <affiliatedPrinOrgCountry></affiliatedPrinOrgCountry>
      </affiliatedOrg>
      <affiliatedOrg>
         <affiliatedOrgName></affiliatedOrgName>
         <affiliatedOrgAddress></affiliatedOrgAddress>
         <affiliatedOrgCity></affiliatedOrgCity>
         <affiliatedOrgState></affiliatedOrgState>
         <affiliatedOrgZip></affiliatedOrgZip>
         <affiliatedOrgCountry></affiliatedOrgCountry>
         <affiliatedPrinOrgCity></affiliatedPrinOrgCity>
         <affiliatedPrinOrgState></affiliatedPrinOrgState>
         <affiliatedPrinOrgCountry></affiliatedPrinOrgCountry>
      </affiliatedOrg>
   </affiliatedOrgs>
   <foreignEntities>
      <foreignEntity>
         <name></name>
         <address></address>
         <city></city>
         <state></state>
         <country></country>
         <prinCity></prinCity>
         <prinState></prinState>
         <prinCountry></prinCountry>
         <contribution></contribution>
         <ownership_Percentage></ownership_Percentage>
      </foreignEntity>
      <foreignEntity>
         <name></name>
         <address></address>
         <city></city>
         <state></state>
         <country></country>
         <prinCity></prinCity>
         <prinState></prinState>
         <prinCountry></prinCountry>
         <contribution></contribution>
         <ownership_Percentage></ownership_Percentage>
      </foreignEntity>
   </foreignEntities>
   <reportYear>2014</reportYear>
   <reportType>RR</reportType>
   <effectiveDate>01/07/2014</effectiveDate>
   <printedName>W. Christopher Lamond, Partner</printedName>
   <signedDate>02/20/2014</signedDate>
</LOBBYINGDISCLOSURE1>