<?xml version="1.0"?>
<?xml-stylesheet type='text/xsl' href='../../ld1.xsl'?>
<LOBBYINGDISCLOSURE1>
   <imported>N</imported>
   <pages>2</pages>
   <regType>2</regType>
   <organizationName>The Normandy Group, LLC</organizationName>
   <prefix></prefix>
   <firstName></firstName>
   <lastName></lastName>
   <address1>888 16th St NW, Suite 530</address1>
   <address2></address2>
   <city>Washington</city>
   <state>DC</state>
   <zip>20006</zip>
   <zipext></zipext>
   <country>USA</country>
   <principal_city></principal_city>
   <principal_state></principal_state>
   <principal_zip></principal_zip>
   <principal_zipext></principal_zipext>
   <principal_country></principal_country>
   <registrantGeneralDescription>Government relations firm.</registrantGeneralDescription>
   <selfSelect>N</selfSelect>
   <clientName>Adams County, Colorado</clientName>
   <clientAddress>4430 S. Adams County Parkway, 5th Floor, Suite C5000A</clientAddress>
   <clientCity>Brighton</clientCity>
   <clientState>CO</clientState>
   <clientZip>80601</clientZip>
   <clientZipExt>8212</clientZipExt>
   <clientCountry>USA</clientCountry>
   <prinClientCity></prinClientCity>
   <prinClientState></prinClientState>
   <prinClientZip></prinClientZip>
   <prinClientZipExt></prinClientZipExt>
   <prinClientCountry></prinClientCountry>
   <clientGeneralDescription>County Government.</clientGeneralDescription>
   <senateID>306636</senateID>
   <houseID>381760095</houseID>
   <lobbyists>
      <lobbyist>
         <lobbyistFirstName>Louis</lobbyistFirstName>
         <lobbyistLastName>Dupart</lobbyistLastName>
         <lobbyistSuffix></lobbyistSuffix>
         <coveredPosition>CounC.CounHPSCI/DA.S.DefI-A/CCounStaDirAntiComSenJudCo</coveredPosition>
         <lobbyistNew>Y</lobbyistNew>
      </lobbyist>
      <lobbyist>
         <lobbyistFirstName>Ronald</lobbyistFirstName>
         <lobbyistLastName>Eritano</lobbyistLastName>
         <lobbyistSuffix></lobbyistSuffix>
         <coveredPosition>LegCorr.SenLautenberg/LegAsst.RepDoggett</coveredPosition>
         <lobbyistNew>Y</lobbyistNew>
      </lobbyist>
      <lobbyist>
         <lobbyistFirstName>Krista</lobbyistFirstName>
         <lobbyistLastName>Stark</lobbyistLastName>
         <lobbyistSuffix></lobbyistSuffix>
         <coveredPosition>Staff Asst, Leg Asst, Leg Director for Rep. Sensenbrenner</coveredPosition>
         <lobbyistNew>Y</lobbyistNew>
      </lobbyist>
      <lobbyist>
         <lobbyistFirstName></lobbyistFirstName>
         <lobbyistLastName></lobbyistLastName>
         <lobbyistSuffix></lobbyistSuffix>
         <coveredPosition></coveredPosition>
         <lobbyistNew>Y</lobbyistNew>
      </lobbyist>
      <lobbyist>
         <lobbyistFirstName></lobbyistFirstName>
         <lobbyistLastName></lobbyistLastName>
         <lobbyistSuffix></lobbyistSuffix>
         <coveredPosition></coveredPosition>
         <lobbyistNew>Y</lobbyistNew>
      </lobbyist>
   </lobbyists>
   <alis>
      <ali_Code>BUD</ali_Code>
      <ali_Code>AVI</ali_Code>
      <ali_Code>ROD</ali_Code>
      <ali_Code>TRA</ali_Code>
      <ali_Code>ECN</ali_Code>
      <ali_Code></ali_Code>
      <ali_Code></ali_Code>
      <ali_Code></ali_Code>
      <ali_Code></ali_Code>
   </alis>
   <specific_issues>BUD: Track federal funding for highways, airports, housing and early childhood educators; AVI: Work on issues related to Denver's proposed DIA "Aerotropolis," and Adams County's space port application; ROD: Follow development and hearings on Highway Reauthorization in House and Senate; TRA: Look at intermodal transportation and expansion of Denver's light rail to Adams County.  Follow developement and hearings on Highway Reauthorization in House and Senate; ECN: Look at Federal Grant opportunities.</specific_issues>
   <affiliatedUrl></affiliatedUrl>
   <affiliatedOrgs>
      <affiliatedOrg>
         <affiliatedOrgName></affiliatedOrgName>
         <affiliatedOrgAddress></affiliatedOrgAddress>
         <affiliatedOrgCity></affiliatedOrgCity>
         <affiliatedOrgState></affiliatedOrgState>
         <affiliatedOrgZip></affiliatedOrgZip>
         <affiliatedOrgCountry></affiliatedOrgCountry>
         <affiliatedPrinOrgCity></affiliatedPrinOrgCity>
         <affiliatedPrinOrgState></affiliatedPrinOrgState>
         <affiliatedPrinOrgCountry></affiliatedPrinOrgCountry>
      </affiliatedOrg>
      <affiliatedOrg>
         <affiliatedOrgName></affiliatedOrgName>
         <affiliatedOrgAddress></affiliatedOrgAddress>
         <affiliatedOrgCity></affiliatedOrgCity>
         <affiliatedOrgState></affiliatedOrgState>
         <affiliatedOrgZip></affiliatedOrgZip>
         <affiliatedOrgCountry></affiliatedOrgCountry>
         <affiliatedPrinOrgCity></affiliatedPrinOrgCity>
         <affiliatedPrinOrgState></affiliatedPrinOrgState>
         <affiliatedPrinOrgCountry></affiliatedPrinOrgCountry>
      </affiliatedOrg>
      <affiliatedOrg>
         <affiliatedOrgName></affiliatedOrgName>
         <affiliatedOrgAddress></affiliatedOrgAddress>
         <affiliatedOrgCity></affiliatedOrgCity>
         <affiliatedOrgState></affiliatedOrgState>
         <affiliatedOrgZip></affiliatedOrgZip>
         <affiliatedOrgCountry></affiliatedOrgCountry>
         <affiliatedPrinOrgCity></affiliatedPrinOrgCity>
         <affiliatedPrinOrgState></affiliatedPrinOrgState>
         <affiliatedPrinOrgCountry></affiliatedPrinOrgCountry>
      </affiliatedOrg>
   </affiliatedOrgs>
   <foreignEntities>
      <foreignEntity>
         <name></name>
         <address></address>
         <city></city>
         <state></state>
         <country></country>
         <prinCity></prinCity>
         <prinState></prinState>
         <prinCountry></prinCountry>
         <contribution></contribution>
         <ownership_Percentage></ownership_Percentage>
      </foreignEntity>
      <foreignEntity>
         <name></name>
         <address></address>
         <city></city>
         <state></state>
         <country></country>
         <prinCity></prinCity>
         <prinState></prinState>
         <prinCountry></prinCountry>
         <contribution></contribution>
         <ownership_Percentage></ownership_Percentage>
      </foreignEntity>
   </foreignEntities>
   <reportYear>2014</reportYear>
   <reportType>RR</reportType>
   <effectiveDate>01/16/2014</effectiveDate>
   <printedName>Louis Dupart, Partner</printedName>
   <signedDate>02/26/2014</signedDate>
</LOBBYINGDISCLOSURE1>