<?xml version="1.0"?>
<?xml-stylesheet type='text/xsl' href='../../ld1.xsl'?>
<LOBBYINGDISCLOSURE1>
   <imported>N</imported>
   <pages>3</pages>
   <regType>1</regType>
   <organizationName>BHP Billiton Limited</organizationName>
   <prefix></prefix>
   <firstName></firstName>
   <lastName></lastName>
   <address1>BHP Billiton Centre</address1>
   <address2>171 Collins Street</address2>
   <city>Melbourne</city>
   <state></state>
   <zip>3000</zip>
   <zipext></zipext>
   <country>AUS</country>
   <principal_city></principal_city>
   <principal_state></principal_state>
   <principal_zip></principal_zip>
   <principal_zipext></principal_zipext>
   <principal_country></principal_country>
   <registrantGeneralDescription>Diversified resources company.</registrantGeneralDescription>
   <selfSelect>Y</selfSelect>
   <clientName>BHP Billiton Limited</clientName>
   <clientAddress></clientAddress>
   <clientCity></clientCity>
   <clientState></clientState>
   <clientZip></clientZip>
   <clientZipExt></clientZipExt>
   <clientCountry></clientCountry>
   <prinClientCity></prinClientCity>
   <prinClientState></prinClientState>
   <prinClientZip></prinClientZip>
   <prinClientZipExt></prinClientZipExt>
   <prinClientCountry></prinClientCountry>
   <clientGeneralDescription></clientGeneralDescription>
   <senateID>401103229</senateID>
   <houseID>425250000</houseID>
   <lobbyists>
      <lobbyist>
         <lobbyistFirstName>Andrew</lobbyistFirstName>
         <lobbyistLastName>Mackenzie</lobbyistLastName>
         <lobbyistSuffix></lobbyistSuffix>
         <coveredPosition></coveredPosition>
         <lobbyistNew>Y</lobbyistNew>
      </lobbyist>
      <lobbyist>
         <lobbyistFirstName>Anthony</lobbyistFirstName>
         <lobbyistLastName>Cudmore</lobbyistLastName>
         <lobbyistSuffix></lobbyistSuffix>
         <coveredPosition></coveredPosition>
         <lobbyistNew>Y</lobbyistNew>
      </lobbyist>
      <lobbyist>
         <lobbyistFirstName>Christian</lobbyistFirstName>
         <lobbyistLastName>Bennett</lobbyistLastName>
         <lobbyistSuffix></lobbyistSuffix>
         <coveredPosition></coveredPosition>
         <lobbyistNew>Y</lobbyistNew>
      </lobbyist>
      <lobbyist>
         <lobbyistFirstName>Frank</lobbyistFirstName>
         <lobbyistLastName>Fannon</lobbyistLastName>
         <lobbyistSuffix></lobbyistSuffix>
         <coveredPosition>Counsel, Senate Environment &amp; Public Works Cmte.;</coveredPosition>
         <lobbyistNew>Y</lobbyistNew>
      </lobbyist>
      <lobbyist>
         <lobbyistFirstName>"</lobbyistFirstName>
         <lobbyistLastName>"</lobbyistLastName>
         <lobbyistSuffix></lobbyistSuffix>
         <coveredPosition>Sr. Leg. Asst., Sen. Campbell; Leg. Asst., Sen. Domenici</coveredPosition>
         <lobbyistNew>Y</lobbyistNew>
      </lobbyist>
      <lobbyist>
         <lobbyistFirstName>Jason </lobbyistFirstName>
         <lobbyistLastName>Buckner</lobbyistLastName>
         <lobbyistSuffix></lobbyistSuffix>
         <coveredPosition>Staff Asst., Rep. Denise Majette; LC, Rep. Brad Carson;</coveredPosition>
         <lobbyistNew>Y</lobbyistNew>
      </lobbyist>
      <lobbyist>
         <lobbyistFirstName>"</lobbyistFirstName>
         <lobbyistLastName>"</lobbyistLastName>
         <lobbyistSuffix></lobbyistSuffix>
         <coveredPosition>Leg. Asst., Rep. Carson; Leg. Asst., Rep. Dan Boren;</coveredPosition>
         <lobbyistNew>Y</lobbyistNew>
      </lobbyist>
      <lobbyist>
         <lobbyistFirstName>"</lobbyistFirstName>
         <lobbyistLastName>"</lobbyistLastName>
         <lobbyistSuffix></lobbyistSuffix>
         <coveredPosition>Leg. Dir., Rep. Boren; Dep. Chief of Staff, Rep. Boren;</coveredPosition>
         <lobbyistNew>Y</lobbyistNew>
      </lobbyist>
      <lobbyist>
         <lobbyistFirstName>"</lobbyistFirstName>
         <lobbyistLastName>"</lobbyistLastName>
         <lobbyistSuffix></lobbyistSuffix>
         <coveredPosition>Chief of Staff, Rep. Boren; Dep. Dir., Office of Congress.</coveredPosition>
         <lobbyistNew>Y</lobbyistNew>
      </lobbyist>
      <lobbyist>
         <lobbyistFirstName>"</lobbyistFirstName>
         <lobbyistLastName>"</lobbyistLastName>
         <lobbyistSuffix></lobbyistSuffix>
         <coveredPosition>&amp; Leg. Affairs, Dept. of Interior; Acting Dir., Office of </coveredPosition>
         <lobbyistNew>Y</lobbyistNew>
      </lobbyist>
      <lobbyist>
         <lobbyistFirstName>"</lobbyistFirstName>
         <lobbyistLastName>"</lobbyistLastName>
         <lobbyistSuffix></lobbyistSuffix>
         <coveredPosition>Congress. &amp; Leg. Affairs, Dept. of Interior</coveredPosition>
         <lobbyistNew>Y</lobbyistNew>
      </lobbyist>
   </lobbyists>
   <alis>
      <ali_Code>FUE</ali_Code>
      <ali_Code>NAT</ali_Code>
      <ali_Code></ali_Code>
      <ali_Code></ali_Code>
      <ali_Code></ali_Code>
      <ali_Code></ali_Code>
      <ali_Code></ali_Code>
      <ali_Code></ali_Code>
      <ali_Code></ali_Code>
      <ali_Code></ali_Code>
      <ali_Code></ali_Code>
      <ali_Code></ali_Code>
      <ali_Code></ali_Code>
      <ali_Code></ali_Code>
      <ali_Code></ali_Code>
      <ali_Code></ali_Code>
      <ali_Code></ali_Code>
      <ali_Code></ali_Code>
   </alis>
   <specific_issues>None currently.</specific_issues>
   <affiliatedUrl></affiliatedUrl>
   <affiliatedOrgs>
      <affiliatedOrg>
         <affiliatedOrgName>BHP Billiton -- Petroleum</affiliatedOrgName>
         <affiliatedOrgAddress>1360 Post Oak Boulevard, Suite 150</affiliatedOrgAddress>
         <affiliatedOrgCity>Houston</affiliatedOrgCity>
         <affiliatedOrgState>TX</affiliatedOrgState>
         <affiliatedOrgZip>77056</affiliatedOrgZip>
         <affiliatedOrgCountry>USA</affiliatedOrgCountry>
         <affiliatedPrinOrgCity>Houston</affiliatedPrinOrgCity>
         <affiliatedPrinOrgState>TX</affiliatedPrinOrgState>
         <affiliatedPrinOrgCountry>USA</affiliatedPrinOrgCountry>
      </affiliatedOrg>
      <affiliatedOrg>
         <affiliatedOrgName></affiliatedOrgName>
         <affiliatedOrgAddress></affiliatedOrgAddress>
         <affiliatedOrgCity></affiliatedOrgCity>
         <affiliatedOrgState></affiliatedOrgState>
         <affiliatedOrgZip></affiliatedOrgZip>
         <affiliatedOrgCountry></affiliatedOrgCountry>
         <affiliatedPrinOrgCity></affiliatedPrinOrgCity>
         <affiliatedPrinOrgState></affiliatedPrinOrgState>
         <affiliatedPrinOrgCountry></affiliatedPrinOrgCountry>
      </affiliatedOrg>
      <affiliatedOrg>
         <affiliatedOrgName></affiliatedOrgName>
         <affiliatedOrgAddress></affiliatedOrgAddress>
         <affiliatedOrgCity></affiliatedOrgCity>
         <affiliatedOrgState></affiliatedOrgState>
         <affiliatedOrgZip></affiliatedOrgZip>
         <affiliatedOrgCountry></affiliatedOrgCountry>
         <affiliatedPrinOrgCity></affiliatedPrinOrgCity>
         <affiliatedPrinOrgState></affiliatedPrinOrgState>
         <affiliatedPrinOrgCountry></affiliatedPrinOrgCountry>
      </affiliatedOrg>
      <affiliatedOrg>
         <affiliatedOrgName></affiliatedOrgName>
         <affiliatedOrgAddress></affiliatedOrgAddress>
         <affiliatedOrgCity></affiliatedOrgCity>
         <affiliatedOrgState></affiliatedOrgState>
         <affiliatedOrgZip></affiliatedOrgZip>
         <affiliatedOrgCountry></affiliatedOrgCountry>
         <affiliatedPrinOrgCity></affiliatedPrinOrgCity>
         <affiliatedPrinOrgState></affiliatedPrinOrgState>
         <affiliatedPrinOrgCountry></affiliatedPrinOrgCountry>
      </affiliatedOrg>
      <affiliatedOrg>
         <affiliatedOrgName></affiliatedOrgName>
         <affiliatedOrgAddress></affiliatedOrgAddress>
         <affiliatedOrgCity></affiliatedOrgCity>
         <affiliatedOrgState></affiliatedOrgState>
         <affiliatedOrgZip></affiliatedOrgZip>
         <affiliatedOrgCountry></affiliatedOrgCountry>
         <affiliatedPrinOrgCity></affiliatedPrinOrgCity>
         <affiliatedPrinOrgState></affiliatedPrinOrgState>
         <affiliatedPrinOrgCountry></affiliatedPrinOrgCountry>
      </affiliatedOrg>
      <affiliatedOrg>
         <affiliatedOrgName></affiliatedOrgName>
         <affiliatedOrgAddress></affiliatedOrgAddress>
         <affiliatedOrgCity></affiliatedOrgCity>
         <affiliatedOrgState></affiliatedOrgState>
         <affiliatedOrgZip></affiliatedOrgZip>
         <affiliatedOrgCountry></affiliatedOrgCountry>
         <affiliatedPrinOrgCity></affiliatedPrinOrgCity>
         <affiliatedPrinOrgState></affiliatedPrinOrgState>
         <affiliatedPrinOrgCountry></affiliatedPrinOrgCountry>
      </affiliatedOrg>
   </affiliatedOrgs>
   <foreignEntities>
      <foreignEntity>
         <name></name>
         <address></address>
         <city></city>
         <state></state>
         <country></country>
         <prinCity></prinCity>
         <prinState></prinState>
         <prinCountry></prinCountry>
         <contribution></contribution>
         <ownership_Percentage></ownership_Percentage>
      </foreignEntity>
      <foreignEntity>
         <name></name>
         <address></address>
         <city></city>
         <state></state>
         <country></country>
         <prinCity></prinCity>
         <prinState></prinState>
         <prinCountry></prinCountry>
         <contribution></contribution>
         <ownership_Percentage></ownership_Percentage>
      </foreignEntity>
      <foreignEntity>
         <name></name>
         <address></address>
         <city></city>
         <state></state>
         <country></country>
         <prinCity></prinCity>
         <prinState></prinState>
         <prinCountry></prinCountry>
         <contribution></contribution>
         <ownership_Percentage></ownership_Percentage>
      </foreignEntity>
      <foreignEntity>
         <name></name>
         <address></address>
         <city></city>
         <state></state>
         <country></country>
         <prinCity></prinCity>
         <prinState></prinState>
         <prinCountry></prinCountry>
         <contribution></contribution>
         <ownership_Percentage></ownership_Percentage>
      </foreignEntity>
      <foreignEntity>
         <name></name>
         <address></address>
         <city></city>
         <state></state>
         <country></country>
         <prinCity></prinCity>
         <prinState></prinState>
         <prinCountry></prinCountry>
         <contribution></contribution>
         <ownership_Percentage></ownership_Percentage>
      </foreignEntity>
   </foreignEntities>
   <reportYear>2014</reportYear>
   <reportType>RR</reportType>
   <effectiveDate>03/04/2014</effectiveDate>
   <printedName>Mary Gilbert, Compliance Coordinator</printedName>
   <signedDate>03/04/2014</signedDate>
</LOBBYINGDISCLOSURE1>