<?xml version="1.0"?>
<?xml-stylesheet type='text/xsl' href='../../ld1.xsl'?>
<LOBBYINGDISCLOSURE1>
   <imported>N</imported>
   <pages>2</pages>
   <regType>2</regType>
   <organizationName>Downey McGrath Group, Inc.</organizationName>
   <prefix></prefix>
   <firstName></firstName>
   <lastName></lastName>
   <address1>1225 I Street NW</address1>
   <address2>Suite 600</address2>
   <city>Washington</city>
   <state>DC</state>
   <zip>20005</zip>
   <zipext></zipext>
   <country>USA</country>
   <principal_city></principal_city>
   <principal_state></principal_state>
   <principal_zip></principal_zip>
   <principal_zipext></principal_zipext>
   <principal_country></principal_country>
   <registrantGeneralDescription>Government Affairs Consulting Firm</registrantGeneralDescription>
   <selfSelect>N</selfSelect>
   <clientName>US Composting Council</clientName>
   <clientAddress>5400 Grosvenor Lane</clientAddress>
   <clientCity>Bethesda</clientCity>
   <clientState>MD</clientState>
   <clientZip>20814</clientZip>
   <clientZipExt></clientZipExt>
   <clientCountry>USA</clientCountry>
   <prinClientCity></prinClientCity>
   <prinClientState></prinClientState>
   <prinClientZip></prinClientZip>
   <prinClientZipExt></prinClientZipExt>
   <prinClientCountry></prinClientCountry>
   <clientGeneralDescription>National non-profit trade and professional organization</clientGeneralDescription>
   <senateID>12573</senateID>
   <houseID>318050157</houseID>
   <lobbyists>
      <lobbyist>
         <lobbyistFirstName>Thomas J.</lobbyistFirstName>
         <lobbyistLastName>Downey</lobbyistLastName>
         <lobbyistSuffix></lobbyistSuffix>
         <coveredPosition></coveredPosition>
         <lobbyistNew>Y</lobbyistNew>
      </lobbyist>
      <lobbyist>
         <lobbyistFirstName>Ray</lobbyistFirstName>
         <lobbyistLastName>McGrath</lobbyistLastName>
         <lobbyistSuffix></lobbyistSuffix>
         <coveredPosition></coveredPosition>
         <lobbyistNew>Y</lobbyistNew>
      </lobbyist>
      <lobbyist>
         <lobbyistFirstName>John </lobbyistFirstName>
         <lobbyistLastName>Olinger</lobbyistLastName>
         <lobbyistSuffix></lobbyistSuffix>
         <coveredPosition></coveredPosition>
         <lobbyistNew>Y</lobbyistNew>
      </lobbyist>
      <lobbyist>
         <lobbyistFirstName>Lora Diane</lobbyistFirstName>
         <lobbyistLastName>Snyder</lobbyistLastName>
         <lobbyistSuffix></lobbyistSuffix>
         <coveredPosition></coveredPosition>
         <lobbyistNew>Y</lobbyistNew>
      </lobbyist>
      <lobbyist>
         <lobbyistFirstName></lobbyistFirstName>
         <lobbyistLastName></lobbyistLastName>
         <lobbyistSuffix></lobbyistSuffix>
         <coveredPosition></coveredPosition>
         <lobbyistNew>Y</lobbyistNew>
      </lobbyist>
   </lobbyists>
   <alis>
      <ali_Code>ENV</ali_Code>
      <ali_Code></ali_Code>
      <ali_Code></ali_Code>
      <ali_Code></ali_Code>
      <ali_Code></ali_Code>
      <ali_Code></ali_Code>
      <ali_Code></ali_Code>
      <ali_Code></ali_Code>
      <ali_Code></ali_Code>
   </alis>
   <specific_issues>Advocate the composting industry's goals</specific_issues>
   <affiliatedUrl></affiliatedUrl>
   <affiliatedOrgs>
      <affiliatedOrg>
         <affiliatedOrgName></affiliatedOrgName>
         <affiliatedOrgAddress></affiliatedOrgAddress>
         <affiliatedOrgCity></affiliatedOrgCity>
         <affiliatedOrgState></affiliatedOrgState>
         <affiliatedOrgZip></affiliatedOrgZip>
         <affiliatedOrgCountry></affiliatedOrgCountry>
         <affiliatedPrinOrgCity></affiliatedPrinOrgCity>
         <affiliatedPrinOrgState></affiliatedPrinOrgState>
         <affiliatedPrinOrgCountry></affiliatedPrinOrgCountry>
      </affiliatedOrg>
      <affiliatedOrg>
         <affiliatedOrgName></affiliatedOrgName>
         <affiliatedOrgAddress></affiliatedOrgAddress>
         <affiliatedOrgCity></affiliatedOrgCity>
         <affiliatedOrgState></affiliatedOrgState>
         <affiliatedOrgZip></affiliatedOrgZip>
         <affiliatedOrgCountry></affiliatedOrgCountry>
         <affiliatedPrinOrgCity></affiliatedPrinOrgCity>
         <affiliatedPrinOrgState></affiliatedPrinOrgState>
         <affiliatedPrinOrgCountry></affiliatedPrinOrgCountry>
      </affiliatedOrg>
      <affiliatedOrg>
         <affiliatedOrgName></affiliatedOrgName>
         <affiliatedOrgAddress></affiliatedOrgAddress>
         <affiliatedOrgCity></affiliatedOrgCity>
         <affiliatedOrgState></affiliatedOrgState>
         <affiliatedOrgZip></affiliatedOrgZip>
         <affiliatedOrgCountry></affiliatedOrgCountry>
         <affiliatedPrinOrgCity></affiliatedPrinOrgCity>
         <affiliatedPrinOrgState></affiliatedPrinOrgState>
         <affiliatedPrinOrgCountry></affiliatedPrinOrgCountry>
      </affiliatedOrg>
   </affiliatedOrgs>
   <foreignEntities>
      <foreignEntity>
         <name></name>
         <address></address>
         <city></city>
         <state></state>
         <country></country>
         <prinCity></prinCity>
         <prinState></prinState>
         <prinCountry></prinCountry>
         <contribution></contribution>
         <ownership_Percentage></ownership_Percentage>
      </foreignEntity>
      <foreignEntity>
         <name></name>
         <address></address>
         <city></city>
         <state></state>
         <country></country>
         <prinCity></prinCity>
         <prinState></prinState>
         <prinCountry></prinCountry>
         <contribution></contribution>
         <ownership_Percentage></ownership_Percentage>
      </foreignEntity>
   </foreignEntities>
   <reportYear>2014</reportYear>
   <reportType>RR</reportType>
   <effectiveDate>02/01/2014</effectiveDate>
   <printedName>Thomas J. Downey, Chairman</printedName>
   <signedDate>02/12/2014</signedDate>
</LOBBYINGDISCLOSURE1>