﻿<?xml version="1.0" encoding="utf-8"?>
<?xml-stylesheet type='text/xsl' href='../../ld1webpage.xsl'?>
<LOBBYINGDISCLOSURE1>
  <imported>N</imported>
  <pages>2</pages>
  <regType>2</regType>
  <organizationName>MONUMENT POLICY GROUP, LLC</organizationName>
  <prefix>
  </prefix>
  <firstName>
  </firstName>
  <lastName>
  </lastName>
  <address1>1100 G Street NW</address1>
  <address2>Suite 750</address2>
  <city>Washington</city>
  <state>DC</state>
  <zip>20005</zip>
  <zipext>
  </zipext>
  <country>USA</country>
  <principal_city>
  </principal_city>
  <principal_state>
  </principal_state>
  <principal_zip>
  </principal_zip>
  <principal_zipext>
  </principal_zipext>
  <principal_country>
  </principal_country>
  <contactIntlPhone>
  </contactIntlPhone>
  <registrantGeneralDescription>Government Affairs Consulting</registrantGeneralDescription>
  <selfSelect>N</selfSelect>
  <clientName>American Gaming Association</clientName>
  <clientAddress>799 9th Street, NW</clientAddress>
  <clientCity>Washington</clientCity>
  <clientState>DC</clientState>
  <clientZip>20001</clientZip>
  <clientZipExt>
  </clientZipExt>
  <clientCountry>USA</clientCountry>
  <prinClientCity>
  </prinClientCity>
  <prinClientState>
  </prinClientState>
  <prinClientZip>
  </prinClientZip>
  <prinClientZipExt>
  </prinClientZipExt>
  <prinClientCountry>
  </prinClientCountry>
  <clientGeneralDescription>Trade Association</clientGeneralDescription>
  <senateID>308775</senateID>
  <houseID>384290082</houseID>
  <lobbyists>
    <lobbyist>
      <lobbyistFirstName>C. Stewart</lobbyistFirstName>
      <lobbyistLastName>Verdery</lobbyistLastName>
      <lobbyistSuffix>Jr.</lobbyistSuffix>
      <coveredPosition>Assistant Secretary of Homeland Security; Consultant</coveredPosition>
      <lobbyistNew>Y</lobbyistNew>
    </lobbyist>
    <lobbyist>
      <lobbyistFirstName>C. Stewart</lobbyistFirstName>
      <lobbyistLastName>Verdery</lobbyistLastName>
      <lobbyistSuffix>Jr.</lobbyistSuffix>
      <coveredPosition>Department of Homeland Security; General Counsel, Assistant</coveredPosition>
      <lobbyistNew>Y</lobbyistNew>
    </lobbyist>
    <lobbyist>
      <lobbyistFirstName>C. Stewart</lobbyistFirstName>
      <lobbyistLastName>Verdery</lobbyistLastName>
      <lobbyistSuffix>Jr.</lobbyistSuffix>
      <coveredPosition>Senate Majority Leader Don Nickles; Counsel, Senate</coveredPosition>
      <lobbyistNew>Y</lobbyistNew>
    </lobbyist>
    <lobbyist>
      <lobbyistFirstName>C. Stewart</lobbyistFirstName>
      <lobbyistLastName>Verdery</lobbyistLastName>
      <lobbyistSuffix>Jr.</lobbyistSuffix>
      <coveredPosition>Committee on the Judiciary; Legislative Counsel, Senate</coveredPosition>
      <lobbyistNew>Y</lobbyistNew>
    </lobbyist>
    <lobbyist>
      <lobbyistFirstName>C. Stewart</lobbyistFirstName>
      <lobbyistLastName>Verdery</lobbyistLastName>
      <lobbyistSuffix>Jr.</lobbyistSuffix>
      <coveredPosition>Committee on Rules and Administration; Legislative Counsel,</coveredPosition>
      <lobbyistNew>Y</lobbyistNew>
    </lobbyist>
    <lobbyist>
      <lobbyistFirstName>C. Stewart</lobbyistFirstName>
      <lobbyistLastName>Verdery</lobbyistLastName>
      <lobbyistSuffix>Jr.</lobbyistSuffix>
      <coveredPosition>Senator John Warner; Outside Consultant, House Committee on</coveredPosition>
      <lobbyistNew>Y</lobbyistNew>
    </lobbyist>
    <lobbyist>
      <lobbyistFirstName>C. Stewart</lobbyistFirstName>
      <lobbyistLastName>Verdery</lobbyistLastName>
      <lobbyistSuffix>Jr.</lobbyistSuffix>
      <coveredPosition>Oversight; Lead Staffer Sen. Republican High Tech Task Force</coveredPosition>
      <lobbyistNew>Y</lobbyistNew>
    </lobbyist>
    <lobbyist>
      <lobbyistFirstName>Andrew</lobbyistFirstName>
      <lobbyistLastName>Howell</lobbyistLastName>
      <lobbyistSuffix>
      </lobbyistSuffix>
      <coveredPosition>
      </coveredPosition>
      <lobbyistNew>Y</lobbyistNew>
    </lobbyist>
    <lobbyist>
      <lobbyistFirstName>Jessica</lobbyistFirstName>
      <lobbyistLastName>Herrera-Flanigan</lobbyistLastName>
      <lobbyistSuffix>
      </lobbyistSuffix>
      <coveredPosition>Trial Attorney and Senior Counsel, Computer Crime &amp;</coveredPosition>
      <lobbyistNew>Y</lobbyistNew>
    </lobbyist>
    <lobbyist>
      <lobbyistFirstName>Jessica</lobbyistFirstName>
      <lobbyistLastName>Herrera-Flanigan</lobbyistLastName>
      <lobbyistSuffix>
      </lobbyistSuffix>
      <coveredPosition>Intellectual Property Section, Criminal Division, U.S. DOJ</coveredPosition>
      <lobbyistNew>Y</lobbyistNew>
    </lobbyist>
    <lobbyist>
      <lobbyistFirstName>Jessica</lobbyistFirstName>
      <lobbyistLastName>Herrera-Flanigan</lobbyistLastName>
      <lobbyistSuffix>
      </lobbyistSuffix>
      <coveredPosition>Counsel, Deputy Staff Director, GC, Staff Director House</coveredPosition>
      <lobbyistNew>Y</lobbyistNew>
    </lobbyist>
    <lobbyist>
      <lobbyistFirstName>Jessica</lobbyistFirstName>
      <lobbyistLastName>Herrera-Flanigan</lobbyistLastName>
      <lobbyistSuffix>
      </lobbyistSuffix>
      <coveredPosition>Cmte Homeland Sec.;Special Asst Attorney,US Attorney'sOffice</coveredPosition>
      <lobbyistNew>Y</lobbyistNew>
    </lobbyist>
    <lobbyist>
      <lobbyistFirstName>Rich</lobbyistFirstName>
      <lobbyistLastName>Thomas</lobbyistLastName>
      <lobbyistSuffix>
      </lobbyistSuffix>
      <coveredPosition>Staff Assistant, Legislative Correspondent,</coveredPosition>
      <lobbyistNew>Y</lobbyistNew>
    </lobbyist>
    <lobbyist>
      <lobbyistFirstName>Rich</lobbyistFirstName>
      <lobbyistLastName>Thomas</lobbyistLastName>
      <lobbyistSuffix>
      </lobbyistSuffix>
      <coveredPosition>Legislative Assistant, Senior Legislative Asst,</coveredPosition>
      <lobbyistNew>Y</lobbyistNew>
    </lobbyist>
    <lobbyist>
      <lobbyistFirstName>Rich</lobbyistFirstName>
      <lobbyistLastName>Thomas</lobbyistLastName>
      <lobbyistSuffix>
      </lobbyistSuffix>
      <coveredPosition>and Legislative Director Rep. Bill Pascrell</coveredPosition>
      <lobbyistNew>Y</lobbyistNew>
    </lobbyist>
    <lobbyist>
      <lobbyistFirstName>Jane</lobbyistFirstName>
      <lobbyistLastName>Alonso</lobbyistLastName>
      <lobbyistSuffix>
      </lobbyistSuffix>
      <coveredPosition>Legislative Director and Legislative Assistant, Sen. Susan</coveredPosition>
      <lobbyistNew>Y</lobbyistNew>
    </lobbyist>
    <lobbyist>
      <lobbyistFirstName>Jane</lobbyistFirstName>
      <lobbyistLastName>Alonso</lobbyistLastName>
      <lobbyistSuffix>
      </lobbyistSuffix>
      <coveredPosition>Collins; Professional Staff Member, Senate Governmental</coveredPosition>
      <lobbyistNew>Y</lobbyistNew>
    </lobbyist>
    <lobbyist>
      <lobbyistFirstName>Jane</lobbyistFirstName>
      <lobbyistLastName>Alonso</lobbyistLastName>
      <lobbyistSuffix>
      </lobbyistSuffix>
      <coveredPosition>Affairs Committee; Political Section Intern, Department of</coveredPosition>
      <lobbyistNew>Y</lobbyistNew>
    </lobbyist>
    <lobbyist>
      <lobbyistFirstName>Jane</lobbyistFirstName>
      <lobbyistLastName>Alonso</lobbyistLastName>
      <lobbyistSuffix>
      </lobbyistSuffix>
      <coveredPosition>State; Legislative Correspondent, Sen. Bob Graham;</coveredPosition>
      <lobbyistNew>Y</lobbyistNew>
    </lobbyist>
    <lobbyist>
      <lobbyistFirstName>Jane</lobbyistFirstName>
      <lobbyistLastName>Alonso</lobbyistLastName>
      <lobbyistSuffix>
      </lobbyistSuffix>
      <coveredPosition>Scheduler and Executive Assitant, Rep Ileana Ros-Lehtinen;</coveredPosition>
      <lobbyistNew>Y</lobbyistNew>
    </lobbyist>
    <lobbyist>
      <lobbyistFirstName>Jane</lobbyistFirstName>
      <lobbyistLastName>Alonso</lobbyistLastName>
      <lobbyistSuffix>
      </lobbyistSuffix>
      <coveredPosition>Staff Assistant, Rep. John Mica</coveredPosition>
      <lobbyistNew>Y</lobbyistNew>
    </lobbyist>
    <lobbyist>
      <lobbyistFirstName>Ashley</lobbyistFirstName>
      <lobbyistLastName>Hoy</lobbyistLastName>
      <lobbyistSuffix>
      </lobbyistSuffix>
      <coveredPosition>Director of Coalitions, Senate Republican Conference Office</coveredPosition>
      <lobbyistNew>Y</lobbyistNew>
    </lobbyist>
    <lobbyist>
      <lobbyistFirstName>Ashley</lobbyistFirstName>
      <lobbyistLastName>Hoy</lobbyistLastName>
      <lobbyistSuffix>
      </lobbyistSuffix>
      <coveredPosition>of the Vice Chairman; Director of Coalitions, Office of the</coveredPosition>
      <lobbyistNew>Y</lobbyistNew>
    </lobbyist>
    <lobbyist>
      <lobbyistFirstName>Ashley</lobbyistFirstName>
      <lobbyistLastName>Hoy</lobbyistLastName>
      <lobbyistSuffix>
      </lobbyistSuffix>
      <coveredPosition>Minority Whip; Legislative Director, Legislative Assistant,</coveredPosition>
      <lobbyistNew>Y</lobbyistNew>
    </lobbyist>
    <lobbyist>
      <lobbyistFirstName>Ashley</lobbyistFirstName>
      <lobbyistLastName>Hoy</lobbyistLastName>
      <lobbyistSuffix>
      </lobbyistSuffix>
      <coveredPosition>Legislative Correspondent, and Administrative Assistant</coveredPosition>
      <lobbyistNew>Y</lobbyistNew>
    </lobbyist>
    <lobbyist>
      <lobbyistFirstName>Ashley</lobbyistFirstName>
      <lobbyistLastName>Hoy</lobbyistLastName>
      <lobbyistSuffix>
      </lobbyistSuffix>
      <coveredPosition>Rep. Sue Myrick</coveredPosition>
      <lobbyistNew>Y</lobbyistNew>
    </lobbyist>
    <lobbyist>
      <lobbyistFirstName>Kimberly</lobbyistFirstName>
      <lobbyistLastName>Ellis</lobbyistLastName>
      <lobbyistSuffix>
      </lobbyistSuffix>
      <coveredPosition>Legislative Director, Rep. Kevin Brady; Deputy Executive Sec</coveredPosition>
      <lobbyistNew>Y</lobbyistNew>
    </lobbyist>
    <lobbyist>
      <lobbyistFirstName>Kimberly</lobbyistFirstName>
      <lobbyistLastName>Ellis</lobbyistLastName>
      <lobbyistSuffix>
      </lobbyistSuffix>
      <coveredPosition>and Confidential Asst, Office of U.S. Trade Representative</coveredPosition>
      <lobbyistNew>Y</lobbyistNew>
    </lobbyist>
    <lobbyist>
      <lobbyistFirstName>John</lobbyistFirstName>
      <lobbyistLastName>Mulligan</lobbyistLastName>
      <lobbyistSuffix>
      </lobbyistSuffix>
      <coveredPosition>Legislative Director and Chief of Staff, Rep. Adam</coveredPosition>
      <lobbyistNew>Y</lobbyistNew>
    </lobbyist>
    <lobbyist>
      <lobbyistFirstName>John</lobbyistFirstName>
      <lobbyistLastName>Mulligan</lobbyistLastName>
      <lobbyistSuffix>
      </lobbyistSuffix>
      <coveredPosition>Smith</coveredPosition>
      <lobbyistNew>Y</lobbyistNew>
    </lobbyist>
    <lobbyist>
      <lobbyistFirstName>Katharine</lobbyistFirstName>
      <lobbyistLastName>Lister</lobbyistLastName>
      <lobbyistSuffix>
      </lobbyistSuffix>
      <coveredPosition>Deputy Chief of Staff, U.S. Department of</coveredPosition>
      <lobbyistNew>Y</lobbyistNew>
    </lobbyist>
    <lobbyist>
      <lobbyistFirstName>Katharine</lobbyistFirstName>
      <lobbyistLastName>Lister</lobbyistLastName>
      <lobbyistSuffix>
      </lobbyistSuffix>
      <coveredPosition>Commerce; Chief of Staff, Deputy Chief of</coveredPosition>
      <lobbyistNew>Y</lobbyistNew>
    </lobbyist>
    <lobbyist>
      <lobbyistFirstName>Katharine</lobbyistFirstName>
      <lobbyistLastName>Lister</lobbyistLastName>
      <lobbyistSuffix>
      </lobbyistSuffix>
      <coveredPosition>Staff, and Communications Director, Sen. Maria</coveredPosition>
      <lobbyistNew>Y</lobbyistNew>
    </lobbyist>
    <lobbyist>
      <lobbyistFirstName>Katharine</lobbyistFirstName>
      <lobbyistLastName>Lister</lobbyistLastName>
      <lobbyistSuffix>
      </lobbyistSuffix>
      <coveredPosition>Cantwell; Communications Director, Rep.</coveredPosition>
      <lobbyistNew>Y</lobbyistNew>
    </lobbyist>
    <lobbyist>
      <lobbyistFirstName>Katharine</lobbyistFirstName>
      <lobbyistLastName>Lister</lobbyistLastName>
      <lobbyistSuffix>
      </lobbyistSuffix>
      <coveredPosition>Adam Smith; Staff Assistant, Sen. John Kerry</coveredPosition>
      <lobbyistNew>Y</lobbyistNew>
    </lobbyist>
    <lobbyist>
      <lobbyistFirstName>Kate</lobbyistFirstName>
      <lobbyistLastName>Mills</lobbyistLastName>
      <lobbyistSuffix>
      </lobbyistSuffix>
      <coveredPosition>Assistant Director for Congressional Relations,</coveredPosition>
      <lobbyistNew>Y</lobbyistNew>
    </lobbyist>
    <lobbyist>
      <lobbyistFirstName>Kate</lobbyistFirstName>
      <lobbyistLastName>Mills</lobbyistLastName>
      <lobbyistSuffix>
      </lobbyistSuffix>
      <coveredPosition>Acting Assistant Director for Congressional Relations,</coveredPosition>
      <lobbyistNew>Y</lobbyistNew>
    </lobbyist>
    <lobbyist>
      <lobbyistFirstName>Kate</lobbyistFirstName>
      <lobbyistLastName>Mills</lobbyistLastName>
      <lobbyistSuffix>
      </lobbyistSuffix>
      <coveredPosition>Deputy Assistant Director for Congressional Relations,</coveredPosition>
      <lobbyistNew>Y</lobbyistNew>
    </lobbyist>
    <lobbyist>
      <lobbyistFirstName>Kate</lobbyistFirstName>
      <lobbyistLastName>Mills</lobbyistLastName>
      <lobbyistSuffix>
      </lobbyistSuffix>
      <coveredPosition>U.S. Immigration and Customs Enforcement;</coveredPosition>
      <lobbyistNew>Y</lobbyistNew>
    </lobbyist>
    <lobbyist>
      <lobbyistFirstName>Kate</lobbyistFirstName>
      <lobbyistLastName>Mills</lobbyistLastName>
      <lobbyistSuffix>
      </lobbyistSuffix>
      <coveredPosition>Senior Legislative Counsel, Rep.  Zoe Lofgren; </coveredPosition>
      <lobbyistNew>Y</lobbyistNew>
    </lobbyist>
    <lobbyist>
      <lobbyistFirstName>Kate</lobbyistFirstName>
      <lobbyistLastName>Mills</lobbyistLastName>
      <lobbyistSuffix>
      </lobbyistSuffix>
      <coveredPosition>Legal Aide, Office of Commissioner Danny L. McDonald,</coveredPosition>
      <lobbyistNew>Y</lobbyistNew>
    </lobbyist>
    <lobbyist>
      <lobbyistFirstName>Kate</lobbyistFirstName>
      <lobbyistLastName>Mills</lobbyistLastName>
      <lobbyistSuffix>
      </lobbyistSuffix>
      <coveredPosition>Federal Election Commission</coveredPosition>
      <lobbyistNew>Y</lobbyistNew>
    </lobbyist>
    <lobbyist>
      <lobbyistFirstName>T.A. </lobbyistFirstName>
      <lobbyistLastName>Hawks</lobbyistLastName>
      <lobbyistSuffix>
      </lobbyistSuffix>
      <coveredPosition>Minority Staff Director, US Senate Committee on Agriculture,</coveredPosition>
      <lobbyistNew>Y</lobbyistNew>
    </lobbyist>
    <lobbyist>
      <lobbyistFirstName>T.A.</lobbyistFirstName>
      <lobbyistLastName>Hawks</lobbyistLastName>
      <lobbyistSuffix>
      </lobbyistSuffix>
      <coveredPosition>Nutrition, and Forestry; </coveredPosition>
      <lobbyistNew>Y</lobbyistNew>
    </lobbyist>
    <lobbyist>
      <lobbyistFirstName>T.A.</lobbyistFirstName>
      <lobbyistLastName>Hawks</lobbyistLastName>
      <lobbyistSuffix>
      </lobbyistSuffix>
      <coveredPosition>Chief of Staff, Legislative Director, Legislative Assistant,</coveredPosition>
      <lobbyistNew>Y</lobbyistNew>
    </lobbyist>
    <lobbyist>
      <lobbyistFirstName>T.A.</lobbyistFirstName>
      <lobbyistLastName>Hawks</lobbyistLastName>
      <lobbyistSuffix>
      </lobbyistSuffix>
      <coveredPosition>Dep Legislative Director, Legislative Aide, Sen Thad Cochran</coveredPosition>
      <lobbyistNew>Y</lobbyistNew>
    </lobbyist>
  </lobbyists>
  <alis>
    <ali_Code>INS</ali_Code>
    <ali_Code>TOU</ali_Code>
    <ali_Code>FIN</ali_Code>
    <ali_Code>TAX</ali_Code>
    <ali_Code>IND</ali_Code>
    <ali_Code>HOM</ali_Code>
    <ali_Code>
    </ali_Code>
    <ali_Code>
    </ali_Code>
    <ali_Code>
    </ali_Code>
  </alis>
  <specific_issues>Terrorism Risk Insurance, Travel Promotion, Bank Secrecy, Tax, Indian Affairs, Homeland Security Grants</specific_issues>
  <affiliatedUrl>
  </affiliatedUrl>
  <affiliatedOrgs>
    <affiliatedOrg>
      <affiliatedOrgName>
      </affiliatedOrgName>
      <affiliatedOrgAddress>
      </affiliatedOrgAddress>
      <affiliatedOrgCity>
      </affiliatedOrgCity>
      <affiliatedOrgState>
      </affiliatedOrgState>
      <affiliatedOrgZip>
      </affiliatedOrgZip>
      <affiliatedOrgCountry>
      </affiliatedOrgCountry>
      <affiliatedPrinOrgCity>
      </affiliatedPrinOrgCity>
      <affiliatedPrinOrgState>
      </affiliatedPrinOrgState>
      <affiliatedPrinOrgCountry>
      </affiliatedPrinOrgCountry>
    </affiliatedOrg>
    <affiliatedOrg>
      <affiliatedOrgName>
      </affiliatedOrgName>
      <affiliatedOrgAddress>
      </affiliatedOrgAddress>
      <affiliatedOrgCity>
      </affiliatedOrgCity>
      <affiliatedOrgState>
      </affiliatedOrgState>
      <affiliatedOrgZip>
      </affiliatedOrgZip>
      <affiliatedOrgCountry>
      </affiliatedOrgCountry>
      <affiliatedPrinOrgCity>
      </affiliatedPrinOrgCity>
      <affiliatedPrinOrgState>
      </affiliatedPrinOrgState>
      <affiliatedPrinOrgCountry>
      </affiliatedPrinOrgCountry>
    </affiliatedOrg>
    <affiliatedOrg>
      <affiliatedOrgName>
      </affiliatedOrgName>
      <affiliatedOrgAddress>
      </affiliatedOrgAddress>
      <affiliatedOrgCity>
      </affiliatedOrgCity>
      <affiliatedOrgState>
      </affiliatedOrgState>
      <affiliatedOrgZip>
      </affiliatedOrgZip>
      <affiliatedOrgCountry>
      </affiliatedOrgCountry>
      <affiliatedPrinOrgCity>
      </affiliatedPrinOrgCity>
      <affiliatedPrinOrgState>
      </affiliatedPrinOrgState>
      <affiliatedPrinOrgCountry>
      </affiliatedPrinOrgCountry>
    </affiliatedOrg>
  </affiliatedOrgs>
  <foreignEntities>
    <foreignEntity>
      <name>
      </name>
      <address>
      </address>
      <city>
      </city>
      <state>
      </state>
      <country>
      </country>
      <prinCity>
      </prinCity>
      <prinState>
      </prinState>
      <prinCountry>
      </prinCountry>
      <contribution>
      </contribution>
      <ownership_Percentage>
      </ownership_Percentage>
    </foreignEntity>
    <foreignEntity>
      <name>
      </name>
      <address>
      </address>
      <city>
      </city>
      <state>
      </state>
      <country>
      </country>
      <prinCity>
      </prinCity>
      <prinState>
      </prinState>
      <prinCountry>
      </prinCountry>
      <contribution>
      </contribution>
      <ownership_Percentage>
      </ownership_Percentage>
    </foreignEntity>
  </foreignEntities>
  <reportYear>2015</reportYear>
  <reportType>RR</reportType>
  <effectiveDate>1/1/2015</effectiveDate>
  <printedName>C. STEWART VERDERY, JR.</printedName>
  <signedDate>2/9/2015 5:04:00 PM</signedDate>
</LOBBYINGDISCLOSURE1>