﻿<?xml version="1.0" encoding="utf-8"?>
<LOBBYINGDISCLOSURE1>
  <pages>2</pages>
  <regType>2</regType>
  <organizationName>The Nickles Group, LLC</organizationName>
  <prefix>Mr.</prefix>
  <firstName />
  <lastName />
  <address1>601 13th St., NW</address1>
  <address2>Suite 250 North</address2>
  <city>Washington</city>
  <state>DC</state>
  <zip>20005</zip>
  <zipext />
  <country>USA</country>
  <principal_city />
  <principal_state />
  <principal_zip />
  <principal_zipext />
  <principal_country />
  <registrantGeneralDescription>Consulting firm</registrantGeneralDescription>
  <selfSelect>N</selfSelect>
  <clientName>Common Interest Group</clientName>
  <clientGovtEntity>N</clientGovtEntity>
  <clientAddress>2716 Lee St., Suite 500</clientAddress>
  <clientCity>Greenville</clientCity>
  <clientState>TX</clientState>
  <clientZip>75401</clientZip>
  <clientZipExt />
  <clientCountry>USA</clientCountry>
  <prinClientCity />
  <prinClientState />
  <prinClientZip />
  <prinClientZipExt />
  <prinClientCountry />
  <clientGeneralDescription>Asbestos trust funds</clientGeneralDescription>
  <senateID>293335</senateID>
  <houseID>37338</houseID>
  <lobbyists>
    <lobbyist>
      <lobbyistFirstName>Hazen</lobbyistFirstName>
      <lobbyistLastName>Marshall</lobbyistLastName>
      <lobbyistSuffix />
      <coveredPosition>US Senate Budget Comm., Staff Director</coveredPosition>
      <lobbyistNew>Y</lobbyistNew>
    </lobbyist>
    <lobbyist>
      <lobbyistFirstName>Rachel</lobbyistFirstName>
      <lobbyistLastName>Jones Hensler</lobbyistLastName>
      <lobbyistSuffix />
      <coveredPosition>US Senate Budget Comm., Tax Policy Director</coveredPosition>
      <lobbyistNew>Y</lobbyistNew>
    </lobbyist>
    <lobbyist>
      <lobbyistFirstName>Brian</lobbyistFirstName>
      <lobbyistLastName>Wild</lobbyistLastName>
      <lobbyistSuffix />
      <coveredPosition>Exec. Office of the VP, Dpty. Asst. for Leg. Aff.</coveredPosition>
      <lobbyistNew>Y</lobbyistNew>
    </lobbyist>
    <lobbyist>
      <lobbyistFirstName />
      <lobbyistLastName />
      <lobbyistSuffix />
      <coveredPosition />
      <lobbyistNew>Y</lobbyistNew>
    </lobbyist>
    <lobbyist>
      <lobbyistFirstName />
      <lobbyistLastName />
      <lobbyistSuffix />
      <coveredPosition />
      <lobbyistNew>Y</lobbyistNew>
    </lobbyist>
    <lobbyist>
      <lobbyistFirstName />
      <lobbyistLastName />
      <lobbyistSuffix />
      <coveredPosition />
      <lobbyistNew>Y</lobbyistNew>
    </lobbyist>
    <lobbyist>
      <lobbyistFirstName />
      <lobbyistLastName />
      <lobbyistSuffix />
      <coveredPosition />
      <lobbyistNew>Y</lobbyistNew>
    </lobbyist>
    <lobbyist>
      <lobbyistFirstName />
      <lobbyistLastName />
      <lobbyistSuffix />
      <coveredPosition />
      <lobbyistNew>Y</lobbyistNew>
    </lobbyist>
    <lobbyist>
      <lobbyistFirstName />
      <lobbyistLastName />
      <lobbyistSuffix />
      <coveredPosition />
      <lobbyistNew>Y</lobbyistNew>
    </lobbyist>
    <lobbyist>
      <lobbyistFirstName />
      <lobbyistLastName />
      <lobbyistSuffix />
      <coveredPosition />
      <lobbyistNew>Y</lobbyistNew>
    </lobbyist>
    <lobbyist>
      <lobbyistFirstName />
      <lobbyistLastName />
      <lobbyistSuffix />
      <coveredPosition />
      <lobbyistNew>Y</lobbyistNew>
    </lobbyist>
  </lobbyists>
  <alis>
    <ali_Code>BNK</ali_Code>
    <ali_Code>TOR</ali_Code>
    <ali_Code />
    <ali_Code />
    <ali_Code />
    <ali_Code />
    <ali_Code />
    <ali_Code />
    <ali_Code />
    <ali_Code />
    <ali_Code />
    <ali_Code />
    <ali_Code />
    <ali_Code />
    <ali_Code />
    <ali_Code />
    <ali_Code />
    <ali_Code />
  </alis>
  <specific_issues>Issues related to S. 852, The Fairness in Asbestos Injury Resolution Act of 2005</specific_issues>
  <affiliatedUrl />
  <affiliatedOrgs>
    <affiliatedOrg>
      <affiliatedOrgName />
      <affiliatedOrgAddress />
      <affiliatedOrgCity />
      <affiliatedOrgState />
      <affiliatedOrgZip />
      <affiliatedOrgCountry />
      <affiliatedPrinOrgCity />
      <affiliatedPrinOrgState />
      <affiliatedPrinOrgCountry />
    </affiliatedOrg>
    <affiliatedOrg>
      <affiliatedOrgName />
      <affiliatedOrgAddress />
      <affiliatedOrgCity />
      <affiliatedOrgState />
      <affiliatedOrgZip />
      <affiliatedOrgCountry />
      <affiliatedPrinOrgCity />
      <affiliatedPrinOrgState />
      <affiliatedPrinOrgCountry />
    </affiliatedOrg>
    <affiliatedOrg>
      <affiliatedOrgName />
      <affiliatedOrgAddress />
      <affiliatedOrgCity />
      <affiliatedOrgState />
      <affiliatedOrgZip />
      <affiliatedOrgCountry />
      <affiliatedPrinOrgCity />
      <affiliatedPrinOrgState />
      <affiliatedPrinOrgCountry />
    </affiliatedOrg>
    <affiliatedOrg>
      <affiliatedOrgName />
      <affiliatedOrgAddress />
      <affiliatedOrgCity />
      <affiliatedOrgState />
      <affiliatedOrgZip />
      <affiliatedOrgCountry />
      <affiliatedPrinOrgCity />
      <affiliatedPrinOrgState />
      <affiliatedPrinOrgCountry />
    </affiliatedOrg>
    <affiliatedOrg>
      <affiliatedOrgName />
      <affiliatedOrgAddress />
      <affiliatedOrgCity />
      <affiliatedOrgState />
      <affiliatedOrgZip />
      <affiliatedOrgCountry />
      <affiliatedPrinOrgCity />
      <affiliatedPrinOrgState />
      <affiliatedPrinOrgCountry />
    </affiliatedOrg>
    <affiliatedOrg>
      <affiliatedOrgName />
      <affiliatedOrgAddress />
      <affiliatedOrgCity />
      <affiliatedOrgState />
      <affiliatedOrgZip />
      <affiliatedOrgCountry />
      <affiliatedPrinOrgCity />
      <affiliatedPrinOrgState />
      <affiliatedPrinOrgCountry />
    </affiliatedOrg>
  </affiliatedOrgs>
  <foreignEntities>
    <foreignEntity>
      <name />
      <address />
      <city />
      <state />
      <country />
      <prinCity />
      <prinState />
      <prinCountry />
      <contribution />
      <ownership_Percentage />
    </foreignEntity>
    <foreignEntity>
      <name />
      <address />
      <city />
      <state />
      <country />
      <prinCity />
      <prinState />
      <prinCountry />
      <contribution />
      <ownership_Percentage />
    </foreignEntity>
    <foreignEntity>
      <name />
      <address />
      <city />
      <state />
      <country />
      <prinCity />
      <prinState />
      <prinCountry />
      <contribution />
      <ownership_Percentage />
    </foreignEntity>
    <foreignEntity>
      <name />
      <address />
      <city />
      <state />
      <country />
      <prinCity />
      <prinState />
      <prinCountry />
      <contribution />
      <ownership_Percentage />
    </foreignEntity>
    <foreignEntity>
      <name />
      <address />
      <city />
      <state />
      <country />
      <prinCity />
      <prinState />
      <prinCountry />
      <contribution />
      <ownership_Percentage />
    </foreignEntity>
  </foreignEntities>
  <reportYear>2005</reportYear>
  <reportType>RR</reportType>
  <effectiveDate>09/20/2005</effectiveDate>
  <printedName>Pamela Fleming, Administrative Director</printedName>
  <signedDate>11/3/2005</signedDate>
</LOBBYINGDISCLOSURE1>