﻿<?xml version="1.0" encoding="utf-8"?>
<LOBBYINGDISCLOSURE1>
  <pages>2</pages>
  <regType>2</regType>
  <organizationName>Jamison and Sullivan, Inc.</organizationName>
  <prefix>Mr.</prefix>
  <firstName />
  <lastName />
  <address1>306 Constitution Ave. NE</address1>
  <address2 />
  <city>Washington</city>
  <state>DC</state>
  <zip>20002</zip>
  <zipext />
  <country>USA</country>
  <principal_city />
  <principal_state />
  <principal_zip />
  <principal_zipext />
  <principal_country />
  <registrantGeneralDescription>Lobbying and business development</registrantGeneralDescription>
  <selfSelect>N</selfSelect>
  <clientName>Modile Modular Management Corporation</clientName>
  <clientGovtEntity>N</clientGovtEntity>
  <clientAddress>5700 Las Positas Road</clientAddress>
  <clientCity>Livermore</clientCity>
  <clientState>CA</clientState>
  <clientZip>94551</clientZip>
  <clientZipExt />
  <clientCountry>USA</clientCountry>
  <prinClientCity />
  <prinClientState />
  <prinClientZip />
  <prinClientZipExt />
  <prinClientCountry />
  <clientGeneralDescription>Rental of modular homes, offices, and school buildings</clientGeneralDescription>
  <senateID>20414</senateID>
  <houseID>31631</houseID>
  <lobbyists>
    <lobbyist>
      <lobbyistFirstName>Delos Cy</lobbyistFirstName>
      <lobbyistLastName>Jamison</lobbyistLastName>
      <lobbyistSuffix />
      <coveredPosition />
      <lobbyistNew>Y</lobbyistNew>
    </lobbyist>
    <lobbyist>
      <lobbyistFirstName>Jay</lobbyistFirstName>
      <lobbyistLastName>Sullivan</lobbyistLastName>
      <lobbyistSuffix />
      <coveredPosition />
      <lobbyistNew>Y</lobbyistNew>
    </lobbyist>
    <lobbyist>
      <lobbyistFirstName>Bob</lobbyistFirstName>
      <lobbyistLastName>Canavan</lobbyistLastName>
      <lobbyistSuffix />
      <coveredPosition />
      <lobbyistNew>Y</lobbyistNew>
    </lobbyist>
    <lobbyist>
      <lobbyistFirstName />
      <lobbyistLastName />
      <lobbyistSuffix />
      <coveredPosition />
      <lobbyistNew>Y</lobbyistNew>
    </lobbyist>
    <lobbyist>
      <lobbyistFirstName />
      <lobbyistLastName />
      <lobbyistSuffix />
      <coveredPosition />
      <lobbyistNew>Y</lobbyistNew>
    </lobbyist>
    <lobbyist>
      <lobbyistFirstName />
      <lobbyistLastName />
      <lobbyistSuffix />
      <coveredPosition />
      <lobbyistNew>Y</lobbyistNew>
    </lobbyist>
    <lobbyist>
      <lobbyistFirstName />
      <lobbyistLastName />
      <lobbyistSuffix />
      <coveredPosition />
      <lobbyistNew>Y</lobbyistNew>
    </lobbyist>
    <lobbyist>
      <lobbyistFirstName />
      <lobbyistLastName />
      <lobbyistSuffix />
      <coveredPosition />
      <lobbyistNew>Y</lobbyistNew>
    </lobbyist>
    <lobbyist>
      <lobbyistFirstName />
      <lobbyistLastName />
      <lobbyistSuffix />
      <coveredPosition />
      <lobbyistNew>Y</lobbyistNew>
    </lobbyist>
    <lobbyist>
      <lobbyistFirstName />
      <lobbyistLastName />
      <lobbyistSuffix />
      <coveredPosition />
      <lobbyistNew>Y</lobbyistNew>
    </lobbyist>
    <lobbyist>
      <lobbyistFirstName />
      <lobbyistLastName />
      <lobbyistSuffix />
      <coveredPosition />
      <lobbyistNew>Y</lobbyistNew>
    </lobbyist>
  </lobbyists>
  <alis>
    <ali_Code>HOU</ali_Code>
    <ali_Code />
    <ali_Code />
    <ali_Code />
    <ali_Code />
    <ali_Code />
    <ali_Code />
    <ali_Code />
    <ali_Code />
    <ali_Code />
    <ali_Code />
    <ali_Code />
    <ali_Code />
    <ali_Code />
    <ali_Code />
    <ali_Code />
    <ali_Code />
    <ali_Code />
  </alis>
  <specific_issues>Finding out the process, contacts and requirements to provide modular mobile homes, offices and schools to individuals, 
States and the Federal Agencies working to assist in the rehabilitation after this years hurricanes.</specific_issues>
  <affiliatedUrl />
  <affiliatedOrgs>
    <affiliatedOrg>
      <affiliatedOrgName />
      <affiliatedOrgAddress />
      <affiliatedOrgCity />
      <affiliatedOrgState />
      <affiliatedOrgZip />
      <affiliatedOrgCountry />
      <affiliatedPrinOrgCity />
      <affiliatedPrinOrgState />
      <affiliatedPrinOrgCountry />
    </affiliatedOrg>
    <affiliatedOrg>
      <affiliatedOrgName />
      <affiliatedOrgAddress />
      <affiliatedOrgCity />
      <affiliatedOrgState />
      <affiliatedOrgZip />
      <affiliatedOrgCountry />
      <affiliatedPrinOrgCity />
      <affiliatedPrinOrgState />
      <affiliatedPrinOrgCountry />
    </affiliatedOrg>
    <affiliatedOrg>
      <affiliatedOrgName />
      <affiliatedOrgAddress />
      <affiliatedOrgCity />
      <affiliatedOrgState />
      <affiliatedOrgZip />
      <affiliatedOrgCountry />
      <affiliatedPrinOrgCity />
      <affiliatedPrinOrgState />
      <affiliatedPrinOrgCountry />
    </affiliatedOrg>
    <affiliatedOrg>
      <affiliatedOrgName />
      <affiliatedOrgAddress />
      <affiliatedOrgCity />
      <affiliatedOrgState />
      <affiliatedOrgZip />
      <affiliatedOrgCountry />
      <affiliatedPrinOrgCity />
      <affiliatedPrinOrgState />
      <affiliatedPrinOrgCountry />
    </affiliatedOrg>
    <affiliatedOrg>
      <affiliatedOrgName />
      <affiliatedOrgAddress />
      <affiliatedOrgCity />
      <affiliatedOrgState />
      <affiliatedOrgZip />
      <affiliatedOrgCountry />
      <affiliatedPrinOrgCity />
      <affiliatedPrinOrgState />
      <affiliatedPrinOrgCountry />
    </affiliatedOrg>
    <affiliatedOrg>
      <affiliatedOrgName />
      <affiliatedOrgAddress />
      <affiliatedOrgCity />
      <affiliatedOrgState />
      <affiliatedOrgZip />
      <affiliatedOrgCountry />
      <affiliatedPrinOrgCity />
      <affiliatedPrinOrgState />
      <affiliatedPrinOrgCountry />
    </affiliatedOrg>
  </affiliatedOrgs>
  <foreignEntities>
    <foreignEntity>
      <name />
      <address />
      <city />
      <state />
      <country />
      <prinCity />
      <prinState />
      <prinCountry />
      <contribution />
      <ownership_Percentage />
    </foreignEntity>
    <foreignEntity>
      <name />
      <address />
      <city />
      <state />
      <country />
      <prinCity />
      <prinState />
      <prinCountry />
      <contribution />
      <ownership_Percentage />
    </foreignEntity>
    <foreignEntity>
      <name />
      <address />
      <city />
      <state />
      <country />
      <prinCity />
      <prinState />
      <prinCountry />
      <contribution />
      <ownership_Percentage />
    </foreignEntity>
    <foreignEntity>
      <name />
      <address />
      <city />
      <state />
      <country />
      <prinCity />
      <prinState />
      <prinCountry />
      <contribution />
      <ownership_Percentage />
    </foreignEntity>
    <foreignEntity>
      <name />
      <address />
      <city />
      <state />
      <country />
      <prinCity />
      <prinState />
      <prinCountry />
      <contribution />
      <ownership_Percentage />
    </foreignEntity>
  </foreignEntities>
  <reportYear>2005</reportYear>
  <reportType>RR</reportType>
  <effectiveDate>10/10/2005</effectiveDate>
  <printedName>Delos Cy Jamison, Chairman</printedName>
  <signedDate>10/27/2005</signedDate>
</LOBBYINGDISCLOSURE1>