<LOBBYINGDISCLOSURE1>
  <imported>N</imported>
  <pages>2</pages>
  <regType>1</regType>
  <organizationName>
  </organizationName>
  <prefix>Ms.</prefix>
  <firstName>Susan</firstName>
  <lastName>Campbell</lastName>
  <address1>3711 Upton Street, NW</address1>
  <address2>
  </address2>
  <city>Washington</city>
  <state>DC</state>
  <zip>20016</zip>
  <zipext>
  </zipext>
  <country>USA</country>
  <principal_city>
  </principal_city>
  <principal_state>
  </principal_state>
  <principal_zip>
  </principal_zip>
  <principal_zipext>
  </principal_zipext>
  <principal_country>
  </principal_country>
  <registrantGeneralDescription>consultant to the National Coalition for Women with Heart Disease</registrantGeneralDescription>
  <selfSelect>N</selfSelect>
  <clientName>The National Coalition for Womenwith Heart Disease</clientName>
  <clientAddress>818 18th Street, NW</clientAddress>
  <clientCity>Washington</clientCity>
  <clientState>DC</clientState>
  <clientZip>20006</clientZip>
  <clientZipExt>
  </clientZipExt>
  <clientCountry>USA</clientCountry>
  <prinClientCity>
  </prinClientCity>
  <prinClientState>
  </prinClientState>
  <prinClientZip>
  </prinClientZip>
  <prinClientZipExt>
  </prinClientZipExt>
  <prinClientCountry>
  </prinClientCountry>
  <clientGeneralDescription>National patient advocacy organization providing support, information and advocacy to wome</clientGeneralDescription>
  <senateID>40017127</senateID>
  <houseID>397820000</houseID>
  <lobbyists>
    <lobbyist>
      <lobbyistFirstName>Susan </lobbyistFirstName>
      <lobbyistLastName>Campbell</lobbyistLastName>
      <lobbyistSuffix>Ms.</lobbyistSuffix>
      <coveredPosition>
      </coveredPosition>
      <lobbyistNew>Y</lobbyistNew>
    </lobbyist>
    <lobbyist>
      <lobbyistFirstName>
      </lobbyistFirstName>
      <lobbyistLastName>
      </lobbyistLastName>
      <lobbyistSuffix>
      </lobbyistSuffix>
      <coveredPosition>
      </coveredPosition>
      <lobbyistNew>Y</lobbyistNew>
    </lobbyist>
    <lobbyist>
      <lobbyistFirstName>
      </lobbyistFirstName>
      <lobbyistLastName>
      </lobbyistLastName>
      <lobbyistSuffix>
      </lobbyistSuffix>
      <coveredPosition>
      </coveredPosition>
      <lobbyistNew>Y</lobbyistNew>
    </lobbyist>
    <lobbyist>
      <lobbyistFirstName>
      </lobbyistFirstName>
      <lobbyistLastName>
      </lobbyistLastName>
      <lobbyistSuffix>
      </lobbyistSuffix>
      <coveredPosition>
      </coveredPosition>
      <lobbyistNew>Y</lobbyistNew>
    </lobbyist>
    <lobbyist>
      <lobbyistFirstName>
      </lobbyistFirstName>
      <lobbyistLastName>
      </lobbyistLastName>
      <lobbyistSuffix>
      </lobbyistSuffix>
      <coveredPosition>
      </coveredPosition>
      <lobbyistNew>Y</lobbyistNew>
    </lobbyist>
  </lobbyists>
  <alis>
    <ali_Code>BUD</ali_Code>
    <ali_Code>CSP</ali_Code>
    <ali_Code>HCR</ali_Code>
    <ali_Code>IND</ali_Code>
    <ali_Code>MED</ali_Code>
    <ali_Code>MMM</ali_Code>
    <ali_Code>PHA</ali_Code>
    <ali_Code>TOB</ali_Code>
    <ali_Code>
    </ali_Code>
  </alis>
  <specific_issues>The coalition advocates on issues that affect the health, quality of life and health care for the 8 million American women living with heart disease.</specific_issues>
  <affiliatedUrl>
  </affiliatedUrl>
  <affiliatedOrgs>
    <affiliatedOrg>
      <affiliatedOrgName>
      </affiliatedOrgName>
      <affiliatedOrgAddress>
      </affiliatedOrgAddress>
      <affiliatedOrgCity>
      </affiliatedOrgCity>
      <affiliatedOrgState>
      </affiliatedOrgState>
      <affiliatedOrgZip>
      </affiliatedOrgZip>
      <affiliatedOrgCountry>
      </affiliatedOrgCountry>
      <affiliatedPrinOrgCity>
      </affiliatedPrinOrgCity>
      <affiliatedPrinOrgState>
      </affiliatedPrinOrgState>
      <affiliatedPrinOrgCountry>
      </affiliatedPrinOrgCountry>
    </affiliatedOrg>
    <affiliatedOrg>
      <affiliatedOrgName>
      </affiliatedOrgName>
      <affiliatedOrgAddress>
      </affiliatedOrgAddress>
      <affiliatedOrgCity>
      </affiliatedOrgCity>
      <affiliatedOrgState>
      </affiliatedOrgState>
      <affiliatedOrgZip>
      </affiliatedOrgZip>
      <affiliatedOrgCountry>
      </affiliatedOrgCountry>
      <affiliatedPrinOrgCity>
      </affiliatedPrinOrgCity>
      <affiliatedPrinOrgState>
      </affiliatedPrinOrgState>
      <affiliatedPrinOrgCountry>
      </affiliatedPrinOrgCountry>
    </affiliatedOrg>
    <affiliatedOrg>
      <affiliatedOrgName>
      </affiliatedOrgName>
      <affiliatedOrgAddress>
      </affiliatedOrgAddress>
      <affiliatedOrgCity>
      </affiliatedOrgCity>
      <affiliatedOrgState>
      </affiliatedOrgState>
      <affiliatedOrgZip>
      </affiliatedOrgZip>
      <affiliatedOrgCountry>
      </affiliatedOrgCountry>
      <affiliatedPrinOrgCity>
      </affiliatedPrinOrgCity>
      <affiliatedPrinOrgState>
      </affiliatedPrinOrgState>
      <affiliatedPrinOrgCountry>
      </affiliatedPrinOrgCountry>
    </affiliatedOrg>
  </affiliatedOrgs>
  <foreignEntities>
    <foreignEntity>
      <name>
      </name>
      <address>
      </address>
      <city>
      </city>
      <state>
      </state>
      <country>
      </country>
      <prinCity>
      </prinCity>
      <prinState>
      </prinState>
      <prinCountry>
      </prinCountry>
      <contribution>
      </contribution>
      <ownership_Percentage>
      </ownership_Percentage>
    </foreignEntity>
    <foreignEntity>
      <name>
      </name>
      <address>
      </address>
      <city>
      </city>
      <state>
      </state>
      <country>
      </country>
      <prinCity>
      </prinCity>
      <prinState>
      </prinState>
      <prinCountry>
      </prinCountry>
      <contribution>
      </contribution>
      <ownership_Percentage>
      </ownership_Percentage>
    </foreignEntity>
  </foreignEntities>
  <reportYear>2008</reportYear>
  <reportType>RR</reportType>
  <effectiveDate>01/09/2008</effectiveDate>
  <printedName>Susan M. Campbell, Director of Public Policy</printedName>
  <signedDate>01/30/2008</signedDate>
  <signerEmail>
  </signerEmail>
</LOBBYINGDISCLOSURE1>