<LOBBYINGDISCLOSURE1>
  <pages>3</pages>
  <regType>1</regType>
  <organizationName>Whit Allen &amp; Associates, Inc.</organizationName>
  <prefix>Mr.</prefix>
  <firstName>
  </firstName>
  <lastName>
  </lastName>
  <address1>16909 W 63rd Ln</address1>
  <address2>
  </address2>
  <city>Arvada</city>
  <state>CO</state>
  <zip>80403</zip>
  <zipext>
  </zipext>
  <country>USA</country>
  <principal_city>
  </principal_city>
  <principal_state>
  </principal_state>
  <principal_zip>
  </principal_zip>
  <principal_zipext>
  </principal_zipext>
  <principal_country>
  </principal_country>
  <contactIntlPhone />
  <registrantGeneralDescription>Clean energy and environmental technology consulting</registrantGeneralDescription>
  <selfSelect>N</selfSelect>
  <clientName>Liebman &amp; Associates, Inc.</clientName>
  <clientGovtEntity>N</clientGovtEntity>
  <clientAddress>1250 24th Street, NW, Suite 300</clientAddress>
  <clientCity>Washington</clientCity>
  <clientState>DC</clientState>
  <clientZip>20037</clientZip>
  <clientZipExt>
  </clientZipExt>
  <clientCountry>USA</clientCountry>
  <prinClientCity>
  </prinClientCity>
  <prinClientState>
  </prinClientState>
  <prinClientZip>
  </prinClientZip>
  <prinClientZipExt>
  </prinClientZipExt>
  <prinClientCountry>
  </prinClientCountry>
  <clientGeneralDescription>Energy and environmental consulting</clientGeneralDescription>
  <senateID>40022181</senateID>
  <houseID>398110000</houseID>
  <lobbyists>
    <lobbyist>
      <lobbyistFirstName>Whit</lobbyistFirstName>
      <lobbyistLastName>Allen</lobbyistLastName>
      <lobbyistSuffix>
      </lobbyistSuffix>
      <coveredPosition>
      </coveredPosition>
      <lobbyistNew>Y</lobbyistNew>
    </lobbyist>
    <lobbyist>
      <lobbyistFirstName>
      </lobbyistFirstName>
      <lobbyistLastName>
      </lobbyistLastName>
      <lobbyistSuffix>
      </lobbyistSuffix>
      <coveredPosition>
      </coveredPosition>
      <lobbyistNew>Y</lobbyistNew>
    </lobbyist>
    <lobbyist>
      <lobbyistFirstName>
      </lobbyistFirstName>
      <lobbyistLastName>
      </lobbyistLastName>
      <lobbyistSuffix>
      </lobbyistSuffix>
      <coveredPosition>
      </coveredPosition>
      <lobbyistNew>Y</lobbyistNew>
    </lobbyist>
    <lobbyist>
      <lobbyistFirstName>
      </lobbyistFirstName>
      <lobbyistLastName>
      </lobbyistLastName>
      <lobbyistSuffix>
      </lobbyistSuffix>
      <coveredPosition>
      </coveredPosition>
      <lobbyistNew>Y</lobbyistNew>
    </lobbyist>
    <lobbyist>
      <lobbyistFirstName>
      </lobbyistFirstName>
      <lobbyistLastName>
      </lobbyistLastName>
      <lobbyistSuffix>
      </lobbyistSuffix>
      <coveredPosition>
      </coveredPosition>
      <lobbyistNew>Y</lobbyistNew>
    </lobbyist>
    <lobbyist>
      <lobbyistFirstName>
      </lobbyistFirstName>
      <lobbyistLastName>
      </lobbyistLastName>
      <lobbyistSuffix>
      </lobbyistSuffix>
      <coveredPosition>
      </coveredPosition>
      <lobbyistNew>Y</lobbyistNew>
    </lobbyist>
    <lobbyist>
      <lobbyistFirstName>
      </lobbyistFirstName>
      <lobbyistLastName>
      </lobbyistLastName>
      <lobbyistSuffix>
      </lobbyistSuffix>
      <coveredPosition>
      </coveredPosition>
      <lobbyistNew>Y</lobbyistNew>
    </lobbyist>
    <lobbyist>
      <lobbyistFirstName>
      </lobbyistFirstName>
      <lobbyistLastName>
      </lobbyistLastName>
      <lobbyistSuffix>
      </lobbyistSuffix>
      <coveredPosition>
      </coveredPosition>
      <lobbyistNew>Y</lobbyistNew>
    </lobbyist>
    <lobbyist>
      <lobbyistFirstName>
      </lobbyistFirstName>
      <lobbyistLastName>
      </lobbyistLastName>
      <lobbyistSuffix>
      </lobbyistSuffix>
      <coveredPosition>
      </coveredPosition>
      <lobbyistNew>Y</lobbyistNew>
    </lobbyist>
    <lobbyist>
      <lobbyistFirstName>
      </lobbyistFirstName>
      <lobbyistLastName>
      </lobbyistLastName>
      <lobbyistSuffix>
      </lobbyistSuffix>
      <coveredPosition>
      </coveredPosition>
      <lobbyistNew>Y</lobbyistNew>
    </lobbyist>
    <lobbyist>
      <lobbyistFirstName>
      </lobbyistFirstName>
      <lobbyistLastName>
      </lobbyistLastName>
      <lobbyistSuffix>
      </lobbyistSuffix>
      <coveredPosition>
      </coveredPosition>
      <lobbyistNew>Y</lobbyistNew>
    </lobbyist>
  </lobbyists>
  <alis>
    <ali_Code>ENG</ali_Code>
    <ali_Code>ENV</ali_Code>
    <ali_Code>
    </ali_Code>
    <ali_Code>
    </ali_Code>
    <ali_Code>
    </ali_Code>
    <ali_Code>
    </ali_Code>
    <ali_Code>
    </ali_Code>
    <ali_Code>
    </ali_Code>
    <ali_Code>
    </ali_Code>
    <ali_Code>
    </ali_Code>
    <ali_Code>
    </ali_Code>
    <ali_Code>
    </ali_Code>
    <ali_Code>
    </ali_Code>
    <ali_Code>
    </ali_Code>
    <ali_Code>
    </ali_Code>
    <ali_Code>
    </ali_Code>
    <ali_Code>
    </ali_Code>
    <ali_Code>
    </ali_Code>
  </alis>
  <specific_issues>Energy and environmental issues</specific_issues>
  <affiliatedUrl>
  </affiliatedUrl>
  <affiliatedOrgs>
    <affiliatedOrg>
      <affiliatedOrgName>Emerson Network Power</affiliatedOrgName>
      <affiliatedOrgAddress>1122 F Street</affiliatedOrgAddress>
      <affiliatedOrgCity>Lorain</affiliatedOrgCity>
      <affiliatedOrgState>OH</affiliatedOrgState>
      <affiliatedOrgZip>44052</affiliatedOrgZip>
      <affiliatedOrgCountry>USA</affiliatedOrgCountry>
      <affiliatedPrinOrgCity>
      </affiliatedPrinOrgCity>
      <affiliatedPrinOrgState>
      </affiliatedPrinOrgState>
      <affiliatedPrinOrgCountry>
      </affiliatedPrinOrgCountry>
    </affiliatedOrg>
    <affiliatedOrg>
      <affiliatedOrgName>Forest City Hawaii, LLC</affiliatedOrgName>
      <affiliatedOrgAddress>5173 Nimitz Road</affiliatedOrgAddress>
      <affiliatedOrgCity>Honolulu</affiliatedOrgCity>
      <affiliatedOrgState>HI</affiliatedOrgState>
      <affiliatedOrgZip>96818</affiliatedOrgZip>
      <affiliatedOrgCountry>USA</affiliatedOrgCountry>
      <affiliatedPrinOrgCity>
      </affiliatedPrinOrgCity>
      <affiliatedPrinOrgState>
      </affiliatedPrinOrgState>
      <affiliatedPrinOrgCountry>
      </affiliatedPrinOrgCountry>
    </affiliatedOrg>
    <affiliatedOrg>
      <affiliatedOrgName>KR Windpower Inc.</affiliatedOrgName>
      <affiliatedOrgAddress>36 Discovery, Suite 260</affiliatedOrgAddress>
      <affiliatedOrgCity>irvine</affiliatedOrgCity>
      <affiliatedOrgState>CA</affiliatedOrgState>
      <affiliatedOrgZip>92816</affiliatedOrgZip>
      <affiliatedOrgCountry>USA</affiliatedOrgCountry>
      <affiliatedPrinOrgCity>
      </affiliatedPrinOrgCity>
      <affiliatedPrinOrgState>
      </affiliatedPrinOrgState>
      <affiliatedPrinOrgCountry>
      </affiliatedPrinOrgCountry>
    </affiliatedOrg>
    <affiliatedOrg>
      <affiliatedOrgName>Rolls-Royce North America</affiliatedOrgName>
      <affiliatedOrgAddress>14850 Conference Center Dr, Suite 100</affiliatedOrgAddress>
      <affiliatedOrgCity>Chantilly</affiliatedOrgCity>
      <affiliatedOrgState>VA</affiliatedOrgState>
      <affiliatedOrgZip>20151</affiliatedOrgZip>
      <affiliatedOrgCountry>USA</affiliatedOrgCountry>
      <affiliatedPrinOrgCity>
      </affiliatedPrinOrgCity>
      <affiliatedPrinOrgState>
      </affiliatedPrinOrgState>
      <affiliatedPrinOrgCountry>
      </affiliatedPrinOrgCountry>
    </affiliatedOrg>
    <affiliatedOrg>
      <affiliatedOrgName>Sprint Nextel</affiliatedOrgName>
      <affiliatedOrgAddress>6580 Sprint Parkway</affiliatedOrgAddress>
      <affiliatedOrgCity>Overland Park</affiliatedOrgCity>
      <affiliatedOrgState>KS</affiliatedOrgState>
      <affiliatedOrgZip>66251</affiliatedOrgZip>
      <affiliatedOrgCountry>USA</affiliatedOrgCountry>
      <affiliatedPrinOrgCity>
      </affiliatedPrinOrgCity>
      <affiliatedPrinOrgState>
      </affiliatedPrinOrgState>
      <affiliatedPrinOrgCountry>
      </affiliatedPrinOrgCountry>
    </affiliatedOrg>
    <affiliatedOrg>
      <affiliatedOrgName>
      </affiliatedOrgName>
      <affiliatedOrgAddress>
      </affiliatedOrgAddress>
      <affiliatedOrgCity>
      </affiliatedOrgCity>
      <affiliatedOrgState>
      </affiliatedOrgState>
      <affiliatedOrgZip>
      </affiliatedOrgZip>
      <affiliatedOrgCountry>
      </affiliatedOrgCountry>
      <affiliatedPrinOrgCity>
      </affiliatedPrinOrgCity>
      <affiliatedPrinOrgState>
      </affiliatedPrinOrgState>
      <affiliatedPrinOrgCountry>
      </affiliatedPrinOrgCountry>
    </affiliatedOrg>
  </affiliatedOrgs>
  <foreignEntities>
    <foreignEntity>
      <name>KR Co. Ltd.</name>
      <address>98-4 Garak-Dong, 8F Maps Songpa</address>
      <city>Seoul</city>
      <state>
      </state>
      <country>KOR</country>
      <prinCity>Seoul</prinCity>
      <prinState>
      </prinState>
      <prinCountry>KOR</prinCountry>
      <contribution>0</contribution>
      <ownership_Percentage>100</ownership_Percentage>
    </foreignEntity>
    <foreignEntity>
      <name>Rolls-Royce Group, PLC</name>
      <address>65 Buckingham Gate</address>
      <city>London</city>
      <state>
      </state>
      <country>ENG</country>
      <prinCity>London</prinCity>
      <prinState>
      </prinState>
      <prinCountry>ENG</prinCountry>
      <contribution>0</contribution>
      <ownership_Percentage>100</ownership_Percentage>
    </foreignEntity>
    <foreignEntity>
      <name>
      </name>
      <address>
      </address>
      <city>
      </city>
      <state>
      </state>
      <country>
      </country>
      <prinCity>
      </prinCity>
      <prinState>
      </prinState>
      <prinCountry>
      </prinCountry>
      <contribution>
      </contribution>
      <ownership_Percentage>
      </ownership_Percentage>
    </foreignEntity>
    <foreignEntity>
      <name>
      </name>
      <address>
      </address>
      <city>
      </city>
      <state>
      </state>
      <country>
      </country>
      <prinCity>
      </prinCity>
      <prinState>
      </prinState>
      <prinCountry>
      </prinCountry>
      <contribution>
      </contribution>
      <ownership_Percentage>
      </ownership_Percentage>
    </foreignEntity>
    <foreignEntity>
      <name>
      </name>
      <address>
      </address>
      <city>
      </city>
      <state>
      </state>
      <country>
      </country>
      <prinCity>
      </prinCity>
      <prinState>
      </prinState>
      <prinCountry>
      </prinCountry>
      <contribution>
      </contribution>
      <ownership_Percentage>
      </ownership_Percentage>
    </foreignEntity>
  </foreignEntities>
  <reportYear>2008</reportYear>
  <reportType>RR</reportType>
  <effectiveDate>01/01/2008</effectiveDate>
  <printedName>Whit Allen, President</printedName>
  <signedDate>2/7/2008</signedDate>
  <signerEmail>whit@liebman-associates.com</signerEmail>
</LOBBYINGDISCLOSURE1>