﻿<?xml version="1.0" encoding="utf-8"?>
<LOBBYINGDISCLOSURE1>
  <pages>2</pages>
  <regType>2</regType>
  <organizationName>Ietan Consulting, LLC</organizationName>
  <prefix>Mr.</prefix>
  <firstName />
  <lastName />
  <address1>1333 New Hampshire Avenue, NW</address1>
  <address2 />
  <city>Washington</city>
  <state>DC</state>
  <zip>20036</zip>
  <zipext />
  <country>USA</country>
  <principal_city />
  <principal_state />
  <principal_zip />
  <principal_zipext />
  <principal_country />
  <registrantGeneralDescription>Lobbying Firm</registrantGeneralDescription>
  <selfSelect>N</selfSelect>
  <clientName>National Indian Gaming Association</clientName>
  <clientGovtEntity>N</clientGovtEntity>
  <clientAddress>224 Second Street, SE</clientAddress>
  <clientCity>Washington</clientCity>
  <clientState>DC</clientState>
  <clientZip>20003</clientZip>
  <clientZipExt />
  <clientCountry>USA</clientCountry>
  <prinClientCity />
  <prinClientState />
  <prinClientZip />
  <prinClientZipExt />
  <prinClientCountry />
  <clientGeneralDescription>Tribal Gaming</clientGeneralDescription>
  <senateID />
  <houseID>35349</houseID>
  <lobbyists>
    <lobbyist>
      <lobbyistFirstName>Larry</lobbyistFirstName>
      <lobbyistLastName>Rosenthal</lobbyistLastName>
      <lobbyistSuffix />
      <coveredPosition />
      <lobbyistNew>Y</lobbyistNew>
    </lobbyist>
    <lobbyist>
      <lobbyistFirstName>Wilson </lobbyistFirstName>
      <lobbyistLastName>Pipestem</lobbyistLastName>
      <lobbyistSuffix />
      <coveredPosition />
      <lobbyistNew>Y</lobbyistNew>
    </lobbyist>
    <lobbyist>
      <lobbyistFirstName>Deborah </lobbyistFirstName>
      <lobbyistLastName>Ho</lobbyistLastName>
      <lobbyistSuffix />
      <coveredPosition />
      <lobbyistNew>Y</lobbyistNew>
    </lobbyist>
    <lobbyist>
      <lobbyistFirstName>John </lobbyistFirstName>
      <lobbyistLastName>Harte</lobbyistLastName>
      <lobbyistSuffix />
      <coveredPosition />
      <lobbyistNew>Y</lobbyistNew>
    </lobbyist>
    <lobbyist>
      <lobbyistFirstName />
      <lobbyistLastName />
      <lobbyistSuffix />
      <coveredPosition />
      <lobbyistNew>Y</lobbyistNew>
    </lobbyist>
    <lobbyist>
      <lobbyistFirstName />
      <lobbyistLastName />
      <lobbyistSuffix />
      <coveredPosition />
      <lobbyistNew>Y</lobbyistNew>
    </lobbyist>
    <lobbyist>
      <lobbyistFirstName />
      <lobbyistLastName />
      <lobbyistSuffix />
      <coveredPosition />
      <lobbyistNew>Y</lobbyistNew>
    </lobbyist>
    <lobbyist>
      <lobbyistFirstName />
      <lobbyistLastName />
      <lobbyistSuffix />
      <coveredPosition />
      <lobbyistNew>Y</lobbyistNew>
    </lobbyist>
    <lobbyist>
      <lobbyistFirstName />
      <lobbyistLastName />
      <lobbyistSuffix />
      <coveredPosition />
      <lobbyistNew>Y</lobbyistNew>
    </lobbyist>
    <lobbyist>
      <lobbyistFirstName />
      <lobbyistLastName />
      <lobbyistSuffix />
      <coveredPosition />
      <lobbyistNew>Y</lobbyistNew>
    </lobbyist>
    <lobbyist>
      <lobbyistFirstName />
      <lobbyistLastName />
      <lobbyistSuffix />
      <coveredPosition />
      <lobbyistNew>Y</lobbyistNew>
    </lobbyist>
  </lobbyists>
  <alis>
    <ali_Code>IND</ali_Code>
    <ali_Code>GAM</ali_Code>
    <ali_Code />
    <ali_Code />
    <ali_Code />
    <ali_Code />
    <ali_Code />
    <ali_Code />
    <ali_Code />
    <ali_Code />
    <ali_Code />
    <ali_Code />
    <ali_Code />
    <ali_Code />
    <ali_Code />
    <ali_Code />
    <ali_Code />
    <ali_Code />
  </alis>
  <specific_issues>Indian Gaming Regulation
</specific_issues>
  <affiliatedUrl />
  <affiliatedOrgs>
    <affiliatedOrg>
      <affiliatedOrgName />
      <affiliatedOrgAddress />
      <affiliatedOrgCity />
      <affiliatedOrgState />
      <affiliatedOrgZip />
      <affiliatedOrgCountry />
      <affiliatedPrinOrgCity />
      <affiliatedPrinOrgState />
      <affiliatedPrinOrgCountry />
    </affiliatedOrg>
    <affiliatedOrg>
      <affiliatedOrgName />
      <affiliatedOrgAddress />
      <affiliatedOrgCity />
      <affiliatedOrgState />
      <affiliatedOrgZip />
      <affiliatedOrgCountry />
      <affiliatedPrinOrgCity />
      <affiliatedPrinOrgState />
      <affiliatedPrinOrgCountry />
    </affiliatedOrg>
    <affiliatedOrg>
      <affiliatedOrgName />
      <affiliatedOrgAddress />
      <affiliatedOrgCity />
      <affiliatedOrgState />
      <affiliatedOrgZip />
      <affiliatedOrgCountry />
      <affiliatedPrinOrgCity />
      <affiliatedPrinOrgState />
      <affiliatedPrinOrgCountry />
    </affiliatedOrg>
    <affiliatedOrg>
      <affiliatedOrgName />
      <affiliatedOrgAddress />
      <affiliatedOrgCity />
      <affiliatedOrgState />
      <affiliatedOrgZip />
      <affiliatedOrgCountry />
      <affiliatedPrinOrgCity />
      <affiliatedPrinOrgState />
      <affiliatedPrinOrgCountry />
    </affiliatedOrg>
    <affiliatedOrg>
      <affiliatedOrgName />
      <affiliatedOrgAddress />
      <affiliatedOrgCity />
      <affiliatedOrgState />
      <affiliatedOrgZip />
      <affiliatedOrgCountry />
      <affiliatedPrinOrgCity />
      <affiliatedPrinOrgState />
      <affiliatedPrinOrgCountry />
    </affiliatedOrg>
    <affiliatedOrg>
      <affiliatedOrgName />
      <affiliatedOrgAddress />
      <affiliatedOrgCity />
      <affiliatedOrgState />
      <affiliatedOrgZip />
      <affiliatedOrgCountry />
      <affiliatedPrinOrgCity />
      <affiliatedPrinOrgState />
      <affiliatedPrinOrgCountry />
    </affiliatedOrg>
  </affiliatedOrgs>
  <foreignEntities>
    <foreignEntity>
      <name />
      <address />
      <city />
      <state />
      <country />
      <prinCity />
      <prinState />
      <prinCountry />
      <contribution />
      <ownership_Percentage />
    </foreignEntity>
    <foreignEntity>
      <name />
      <address />
      <city />
      <state />
      <country />
      <prinCity />
      <prinState />
      <prinCountry />
      <contribution />
      <ownership_Percentage />
    </foreignEntity>
    <foreignEntity>
      <name />
      <address />
      <city />
      <state />
      <country />
      <prinCity />
      <prinState />
      <prinCountry />
      <contribution />
      <ownership_Percentage />
    </foreignEntity>
    <foreignEntity>
      <name />
      <address />
      <city />
      <state />
      <country />
      <prinCity />
      <prinState />
      <prinCountry />
      <contribution />
      <ownership_Percentage />
    </foreignEntity>
    <foreignEntity>
      <name />
      <address />
      <city />
      <state />
      <country />
      <prinCity />
      <prinState />
      <prinCountry />
      <contribution />
      <ownership_Percentage />
    </foreignEntity>
  </foreignEntities>
  <reportYear>2004</reportYear>
  <reportType>RR</reportType>
  <effectiveDate>10/01/2004</effectiveDate>
  <printedName>Wilson Pipestem, Managing Partner</printedName>
  <signedDate>3/9/2006</signedDate>
</LOBBYINGDISCLOSURE1>