<LOBBYINGDISCLOSURE1>
   <imported>N</imported>
   <pages>2</pages>
   <regType>2</regType>
   <organizationName>Process Handler et al. For Hire, Inc.</organizationName>
   <prefix></prefix>
   <firstName></firstName>
   <lastName></lastName>
   <address1>Post Office Box 327</address1>
   <address2>James A. Farley Post Office Building</address2>
   <city>New York</city>
   <state>NY</state>
   <zip>10116</zip>
   <zipext>0327</zipext>
   <country>USA</country>
   <principal_city>New York</principal_city>
   <principal_state>NY</principal_state>
   <principal_zip>10001</principal_zip>
   <principal_zipext>7800</principal_zipext>
   <principal_country>USA</principal_country>
   <registrantGeneralDescription>Private expediting, pro bono lobbying/outreach and various consulting.</registrantGeneralDescription>
   <selfSelect>N</selfSelect>
   <clientName>Estate of Vernell Albert</clientName>
   <clientAddress>456 Dekalb Avenue, Apartment 5D</clientAddress>
   <clientCity>Brooklyn</clientCity>
   <clientState>NY</clientState>
   <clientZip>11205</clientZip>
   <clientZipExt>4439</clientZipExt>
   <clientCountry>USA</clientCountry>
   <prinClientCity>New York</prinClientCity>
   <prinClientState>NY</prinClientState>
   <prinClientZip>10001</prinClientZip>
   <prinClientZipExt>7800</prinClientZipExt>
   <prinClientCountry>USA</prinClientCountry>
   <clientGeneralDescription>Estate.</clientGeneralDescription>
   <senateID>81830</senateID>
   <houseID>363570041</houseID>
   <lobbyists>
      <lobbyist>
         <lobbyistFirstName>Robert</lobbyistFirstName>
         <lobbyistLastName>Brassell, Jr., N.P.</lobbyistLastName>
         <lobbyistSuffix></lobbyistSuffix>
         <coveredPosition>N/A</coveredPosition>
         <lobbyistNew>Y</lobbyistNew>
      </lobbyist>
      <lobbyist>
         <lobbyistFirstName></lobbyistFirstName>
         <lobbyistLastName></lobbyistLastName>
         <lobbyistSuffix></lobbyistSuffix>
         <coveredPosition></coveredPosition>
         <lobbyistNew>Y</lobbyistNew>
      </lobbyist>
      <lobbyist>
         <lobbyistFirstName></lobbyistFirstName>
         <lobbyistLastName></lobbyistLastName>
         <lobbyistSuffix></lobbyistSuffix>
         <coveredPosition></coveredPosition>
         <lobbyistNew>Y</lobbyistNew>
      </lobbyist>
      <lobbyist>
         <lobbyistFirstName></lobbyistFirstName>
         <lobbyistLastName></lobbyistLastName>
         <lobbyistSuffix></lobbyistSuffix>
         <coveredPosition></coveredPosition>
         <lobbyistNew>Y</lobbyistNew>
      </lobbyist>
      <lobbyist>
         <lobbyistFirstName></lobbyistFirstName>
         <lobbyistLastName></lobbyistLastName>
         <lobbyistSuffix></lobbyistSuffix>
         <coveredPosition></coveredPosition>
         <lobbyistNew>Y</lobbyistNew>
      </lobbyist>
   </lobbyists>
   <alis>
      <ali_Code>FIN</ali_Code>
      <ali_Code>INT</ali_Code>
      <ali_Code>BUD</ali_Code>
      <ali_Code>DEF</ali_Code>
      <ali_Code>HOM</ali_Code>
      <ali_Code>LAW</ali_Code>
      <ali_Code>TAX</ali_Code>
      <ali_Code>RET</ali_Code>
      <ali_Code>BAN</ali_Code>
   </alis>
   <specific_issues>Regularly mailing, via USPS Certified Mail &amp; postcards, written correspondence addressed to various executive, military, legislative, quasi-legislative, quasi-military, quasi-executive, quasi-judicial, operational, bureaucratic &amp; "military-executive-legislative-judicial-bureaucratic" officials and functionaries to lobby for and lobby against various, varied desired policies, laws, regulations, rules, treaties &amp; orders as implicitly and/or explicitly desired and/or otherwise wanted by the Vernell Albert Estate.</specific_issues>
   <affiliatedUrl></affiliatedUrl>
   <affiliatedOrgs>
      <affiliatedOrg>
         <affiliatedOrgName></affiliatedOrgName>
         <affiliatedOrgAddress></affiliatedOrgAddress>
         <affiliatedOrgCity></affiliatedOrgCity>
         <affiliatedOrgState></affiliatedOrgState>
         <affiliatedOrgZip></affiliatedOrgZip>
         <affiliatedOrgCountry></affiliatedOrgCountry>
         <affiliatedPrinOrgCity></affiliatedPrinOrgCity>
         <affiliatedPrinOrgState></affiliatedPrinOrgState>
         <affiliatedPrinOrgCountry></affiliatedPrinOrgCountry>
      </affiliatedOrg>
      <affiliatedOrg>
         <affiliatedOrgName></affiliatedOrgName>
         <affiliatedOrgAddress></affiliatedOrgAddress>
         <affiliatedOrgCity></affiliatedOrgCity>
         <affiliatedOrgState></affiliatedOrgState>
         <affiliatedOrgZip></affiliatedOrgZip>
         <affiliatedOrgCountry></affiliatedOrgCountry>
         <affiliatedPrinOrgCity></affiliatedPrinOrgCity>
         <affiliatedPrinOrgState></affiliatedPrinOrgState>
         <affiliatedPrinOrgCountry></affiliatedPrinOrgCountry>
      </affiliatedOrg>
      <affiliatedOrg>
         <affiliatedOrgName></affiliatedOrgName>
         <affiliatedOrgAddress></affiliatedOrgAddress>
         <affiliatedOrgCity></affiliatedOrgCity>
         <affiliatedOrgState></affiliatedOrgState>
         <affiliatedOrgZip></affiliatedOrgZip>
         <affiliatedOrgCountry></affiliatedOrgCountry>
         <affiliatedPrinOrgCity></affiliatedPrinOrgCity>
         <affiliatedPrinOrgState></affiliatedPrinOrgState>
         <affiliatedPrinOrgCountry></affiliatedPrinOrgCountry>
      </affiliatedOrg>
   </affiliatedOrgs>
   <foreignEntities>
      <foreignEntity>
         <name></name>
         <address></address>
         <city></city>
         <state></state>
         <country></country>
         <prinCity></prinCity>
         <prinState></prinState>
         <prinCountry></prinCountry>
         <contribution></contribution>
         <ownership_Percentage></ownership_Percentage>
      </foreignEntity>
      <foreignEntity>
         <name></name>
         <address></address>
         <city></city>
         <state></state>
         <country></country>
         <prinCity></prinCity>
         <prinState></prinState>
         <prinCountry></prinCountry>
         <contribution></contribution>
         <ownership_Percentage></ownership_Percentage>
      </foreignEntity>
   </foreignEntities>
   <reportYear>2004</reportYear>
   <reportType>RR</reportType>
   <effectiveDate>12/31/2004</effectiveDate>
   <printedName>Mr. Robert J. Brassell, Jr., N.P., CEO and Chief Lobbyist</printedName>
   <signedDate>12/02/2009</signedDate>
   <signerEmail></signerEmail>
</LOBBYINGDISCLOSURE1>