<LOBBYINGDISCLOSURE1>
  <pages />
  <regType />
  <organizationName>WOMBLE CARLYLE SANDRIDGE &amp; RICE, PLLC</organizationName>
  <prefix />
  <firstName />
  <lastName />
  <address1 />
  <address2 />
  <city />
  <state />
  <zip />
  <zipext />
  <country>USA</country>
  <principal_city />
  <principal_state />
  <principal_zip />
  <principal_zipext />
  <principal_country />
  <registrantGeneralDescription />
  <selfSelect />
  <clientName>SPECIALTY TOBACCO COUNCIL</clientName>
  <clientAddress />
  <clientCity />
  <clientState />
  <clientZip />
  <clientZipExt />
  <clientCountry />
  <prinClientCity />
  <prinClientState />
  <prinClientZip />
  <prinClientZipExt />
  <prinClientCountry />
  <clientGeneralDescription />
  <senateID />
  <houseID>349590018</houseID>
  <lobbyists>
    <lobbyist>
      <lobbyistFirstName>JIMMY</lobbyistFirstName>
      <lobbyistLastName>BROUGHTON</lobbyistLastName>
      <lobbyistSuffix />
      <coveredPosition />
      <lobbyistNew>N</lobbyistNew>
    </lobbyist>
    <lobbyist>
      <lobbyistFirstName>JEFFREY</lobbyistFirstName>
      <lobbyistLastName>LANE</lobbyistLastName>
      <lobbyistSuffix />
      <coveredPosition />
      <lobbyistNew>N</lobbyistNew>
    </lobbyist>
  </lobbyists>
  <alis>
    <ali_Code>TOB</ali_Code>
  </alis>
  <specific_issues />
  <affiliatedOrgs>
    <affiliatedOrg>
      <affiliatedOrgName />
      <affiliatedOrgAddress />
      <affiliatedOrgCity />
      <affiliatedOrgState />
      <affiliatedOrgZip />
      <affiliatedOrgCountry />
      <affiliatedPrinOrgCity />
      <affiliatedPrinOrgState />
      <affiliatedPrinOrgCountry />
    </affiliatedOrg>
  </affiliatedOrgs>
  <foreignEntities>
    <foreignEntity>
      <name />
      <address />
      <city />
      <state />
      <country />
      <prinCity />
      <prinState />
      <prinCountry />
      <contribution />
      <ownership_Percentage />
    </foreignEntity>
  </foreignEntities>
  <reportYear>2004</reportYear>
  <reportType>RR</reportType>
  <effectiveDate />
  <printedName />
  <signedDate />
</LOBBYINGDISCLOSURE1>