<LOBBYINGDISCLOSURE1>
  <pages />
  <regType />
  <organizationName>J.C. WATTS COMPANIES</organizationName>
  <prefix />
  <firstName />
  <lastName />
  <address1 />
  <address2 />
  <city />
  <state />
  <zip />
  <zipext />
  <country>USA</country>
  <principal_city />
  <principal_state />
  <principal_zip />
  <principal_zipext />
  <principal_country />
  <registrantGeneralDescription />
  <selfSelect />
  <clientName>NATIONAL ASSOCIATION OF INSURANCE COMMISSIONERS</clientName>
  <clientAddress />
  <clientCity />
  <clientState />
  <clientZip />
  <clientZipExt />
  <clientCountry />
  <prinClientCity />
  <prinClientState />
  <prinClientZip />
  <prinClientZipExt />
  <prinClientCountry />
  <clientGeneralDescription />
  <senateID />
  <houseID>366310013</houseID>
  <lobbyists>
    <lobbyist>
      <lobbyistFirstName>J.C.</lobbyistFirstName>
      <lobbyistLastName>WATTS</lobbyistLastName>
      <lobbyistSuffix />
      <coveredPosition />
      <lobbyistNew>N</lobbyistNew>
    </lobbyist>
    <lobbyist>
      <lobbyistFirstName>JON</lobbyistFirstName>
      <lobbyistLastName>VANDENHEUVEL</lobbyistLastName>
      <lobbyistSuffix />
      <coveredPosition />
      <lobbyistNew>N</lobbyistNew>
    </lobbyist>
    <lobbyist>
      <lobbyistFirstName>STEVE</lobbyistFirstName>
      <lobbyistLastName>PRUITT</lobbyistLastName>
      <lobbyistSuffix />
      <coveredPosition />
      <lobbyistNew>N</lobbyistNew>
    </lobbyist>
    <lobbyist>
      <lobbyistFirstName>RANDY</lobbyistFirstName>
      <lobbyistLastName>SWANSON</lobbyistLastName>
      <lobbyistSuffix />
      <coveredPosition />
      <lobbyistNew>N</lobbyistNew>
    </lobbyist>
    <lobbyist>
      <lobbyistFirstName>DOUG</lobbyistFirstName>
      <lobbyistLastName>THOMAS</lobbyistLastName>
      <lobbyistSuffix />
      <coveredPosition />
      <lobbyistNew>N</lobbyistNew>
    </lobbyist>
    <lobbyist>
      <lobbyistFirstName>TRIPP</lobbyistFirstName>
      <lobbyistLastName>BAIRD</lobbyistLastName>
      <lobbyistSuffix />
      <coveredPosition />
      <lobbyistNew>N</lobbyistNew>
    </lobbyist>
  </lobbyists>
  <alis>
    <ali_Code>INS</ali_Code>
  </alis>
  <specific_issues />
  <affiliatedOrgs>
    <affiliatedOrg>
      <affiliatedOrgName />
      <affiliatedOrgAddress />
      <affiliatedOrgCity />
      <affiliatedOrgState />
      <affiliatedOrgZip />
      <affiliatedOrgCountry />
      <affiliatedPrinOrgCity />
      <affiliatedPrinOrgState />
      <affiliatedPrinOrgCountry />
    </affiliatedOrg>
  </affiliatedOrgs>
  <foreignEntities>
    <foreignEntity>
      <name />
      <address />
      <city />
      <state />
      <country />
      <prinCity />
      <prinState />
      <prinCountry />
      <contribution />
      <ownership_Percentage />
    </foreignEntity>
  </foreignEntities>
  <reportYear>2004</reportYear>
  <reportType>RR</reportType>
  <effectiveDate />
  <printedName />
  <signedDate />
</LOBBYINGDISCLOSURE1>