<LOBBYINGDISCLOSURE1>
  <pages />
  <regType />
  <organizationName>PODESTAMATTOON, INC</organizationName>
  <prefix />
  <firstName />
  <lastName />
  <address1 />
  <address2 />
  <city />
  <state />
  <zip />
  <zipext />
  <country>USA</country>
  <principal_city />
  <principal_state />
  <principal_zip />
  <principal_zipext />
  <principal_country />
  <registrantGeneralDescription />
  <selfSelect />
  <clientName>PRINTING INDUSTRIES OF AMERICA</clientName>
  <clientAddress />
  <clientCity />
  <clientState />
  <clientZip />
  <clientZipExt />
  <clientCountry />
  <prinClientCity />
  <prinClientState />
  <prinClientZip />
  <prinClientZipExt />
  <prinClientCountry />
  <clientGeneralDescription />
  <senateID />
  <houseID>311100172</houseID>
  <lobbyists>
    <lobbyist>
      <lobbyistFirstName>CLAUDIA</lobbyistFirstName>
      <lobbyistLastName>JAMES</lobbyistLastName>
      <lobbyistSuffix />
      <coveredPosition />
      <lobbyistNew>N</lobbyistNew>
    </lobbyist>
    <lobbyist>
      <lobbyistFirstName>LAUREN</lobbyistFirstName>
      <lobbyistLastName>MADDOX</lobbyistLastName>
      <lobbyistSuffix />
      <coveredPosition />
      <lobbyistNew>N</lobbyistNew>
    </lobbyist>
    <lobbyist>
      <lobbyistFirstName>DANIEL J.</lobbyistFirstName>
      <lobbyistLastName>MATTOON</lobbyistLastName>
      <lobbyistSuffix />
      <coveredPosition />
      <lobbyistNew>N</lobbyistNew>
    </lobbyist>
    <lobbyist>
      <lobbyistFirstName>JEN</lobbyistFirstName>
      <lobbyistLastName>SICILIANO</lobbyistLastName>
      <lobbyistSuffix />
      <coveredPosition />
      <lobbyistNew>N</lobbyistNew>
    </lobbyist>
    <lobbyist>
      <lobbyistFirstName>KIMBERLY</lobbyistFirstName>
      <lobbyistLastName>FRITTS</lobbyistLastName>
      <lobbyistSuffix />
      <coveredPosition />
      <lobbyistNew>N</lobbyistNew>
    </lobbyist>
    <lobbyist>
      <lobbyistFirstName>GWEN</lobbyistFirstName>
      <lobbyistLastName>MELLOR</lobbyistLastName>
      <lobbyistSuffix />
      <coveredPosition />
      <lobbyistNew>N</lobbyistNew>
    </lobbyist>
    <lobbyist>
      <lobbyistFirstName>NICOLE</lobbyistFirstName>
      <lobbyistLastName>NOORIGIAN</lobbyistLastName>
      <lobbyistSuffix />
      <coveredPosition />
      <lobbyistNew>N</lobbyistNew>
    </lobbyist>
    <lobbyist>
      <lobbyistFirstName>ADRIANNA</lobbyistFirstName>
      <lobbyistLastName>SALINAS</lobbyistLastName>
      <lobbyistSuffix />
      <coveredPosition />
      <lobbyistNew>N</lobbyistNew>
    </lobbyist>
    <lobbyist>
      <lobbyistFirstName>SALLY</lobbyistFirstName>
      <lobbyistLastName>SCHOENVOGEL</lobbyistLastName>
      <lobbyistSuffix />
      <coveredPosition />
      <lobbyistNew>N</lobbyistNew>
    </lobbyist>
    <lobbyist>
      <lobbyistFirstName>MEREDITH</lobbyistFirstName>
      <lobbyistLastName>BEATON</lobbyistLastName>
      <lobbyistSuffix />
      <coveredPosition />
      <lobbyistNew>N</lobbyistNew>
    </lobbyist>
    <lobbyist>
      <lobbyistFirstName>REBECCA</lobbyistFirstName>
      <lobbyistLastName>EDGAR GOODING</lobbyistLastName>
      <lobbyistSuffix />
      <coveredPosition />
      <lobbyistNew>N</lobbyistNew>
    </lobbyist>
    <lobbyist>
      <lobbyistFirstName>BILL</lobbyistFirstName>
      <lobbyistLastName>CLARK</lobbyistLastName>
      <lobbyistSuffix />
      <coveredPosition />
      <lobbyistNew>N</lobbyistNew>
    </lobbyist>
    <lobbyist>
      <lobbyistFirstName>PEGGIE</lobbyistFirstName>
      <lobbyistLastName>RICE</lobbyistLastName>
      <lobbyistSuffix />
      <coveredPosition />
      <lobbyistNew>N</lobbyistNew>
    </lobbyist>
    <lobbyist>
      <lobbyistFirstName>JONATHAN</lobbyistFirstName>
      <lobbyistLastName>MANTZ</lobbyistLastName>
      <lobbyistSuffix />
      <coveredPosition />
      <lobbyistNew>N</lobbyistNew>
    </lobbyist>
    <lobbyist>
      <lobbyistFirstName>ALISON</lobbyistFirstName>
      <lobbyistLastName>AHEARN</lobbyistLastName>
      <lobbyistSuffix />
      <coveredPosition />
      <lobbyistNew>N</lobbyistNew>
    </lobbyist>
  </lobbyists>
  <alis>
    <ali_Code>POS</ali_Code>
  </alis>
  <specific_issues />
  <affiliatedOrgs>
    <affiliatedOrg>
      <affiliatedOrgName />
      <affiliatedOrgAddress />
      <affiliatedOrgCity />
      <affiliatedOrgState />
      <affiliatedOrgZip />
      <affiliatedOrgCountry />
      <affiliatedPrinOrgCity />
      <affiliatedPrinOrgState />
      <affiliatedPrinOrgCountry />
    </affiliatedOrg>
  </affiliatedOrgs>
  <foreignEntities>
    <foreignEntity>
      <name />
      <address />
      <city />
      <state />
      <country />
      <prinCity />
      <prinState />
      <prinCountry />
      <contribution />
      <ownership_Percentage />
    </foreignEntity>
  </foreignEntities>
  <reportYear>2004</reportYear>
  <reportType>RR</reportType>
  <effectiveDate />
  <printedName />
  <signedDate />
</LOBBYINGDISCLOSURE1>