<LOBBYINGDISCLOSURE1>
  <pages />
  <regType />
  <organizationName>BERGNER BOCKORNY CASTAGNETTI HAWKINS &amp; BRAIN</organizationName>
  <prefix />
  <firstName />
  <lastName />
  <address1 />
  <address2 />
  <city />
  <state />
  <zip />
  <zipext />
  <country>USA</country>
  <principal_city />
  <principal_state />
  <principal_zip />
  <principal_zipext />
  <principal_country />
  <registrantGeneralDescription />
  <selfSelect />
  <clientName>COUNCIL FOR RESPONSIBLE NUTRITION</clientName>
  <clientAddress />
  <clientCity />
  <clientState />
  <clientZip />
  <clientZipExt />
  <clientCountry />
  <prinClientCity />
  <prinClientState />
  <prinClientZip />
  <prinClientZipExt />
  <prinClientCountry />
  <clientGeneralDescription />
  <senateID />
  <houseID>313170107</houseID>
  <lobbyists>
    <lobbyist>
      <lobbyistFirstName>DAVID</lobbyistFirstName>
      <lobbyistLastName>BOCKORNY</lobbyistLastName>
      <lobbyistSuffix />
      <coveredPosition />
      <lobbyistNew>N</lobbyistNew>
    </lobbyist>
    <lobbyist>
      <lobbyistFirstName>DAVID</lobbyistFirstName>
      <lobbyistLastName>CASTAGNETTI</lobbyistLastName>
      <lobbyistSuffix />
      <coveredPosition />
      <lobbyistNew>N</lobbyistNew>
    </lobbyist>
    <lobbyist>
      <lobbyistFirstName>JAMES</lobbyistFirstName>
      <lobbyistLastName>HAWKINS</lobbyistLastName>
      <lobbyistSuffix />
      <coveredPosition />
      <lobbyistNew>N</lobbyistNew>
    </lobbyist>
    <lobbyist>
      <lobbyistFirstName>MICHAEL</lobbyistFirstName>
      <lobbyistLastName>HUTTON</lobbyistLastName>
      <lobbyistSuffix />
      <coveredPosition />
      <lobbyistNew>N</lobbyistNew>
    </lobbyist>
    <lobbyist>
      <lobbyistFirstName>DANIEL R.</lobbyistFirstName>
      <lobbyistLastName>MOLL</lobbyistLastName>
      <lobbyistSuffix />
      <coveredPosition />
      <lobbyistNew>N</lobbyistNew>
    </lobbyist>
    <lobbyist>
      <lobbyistFirstName>MELISSA</lobbyistFirstName>
      <lobbyistLastName>SCHULMAN</lobbyistLastName>
      <lobbyistSuffix />
      <coveredPosition />
      <lobbyistNew>N</lobbyistNew>
    </lobbyist>
    <lobbyist>
      <lobbyistFirstName>P. SCOTT</lobbyistFirstName>
      <lobbyistLastName>SHEARER</lobbyistLastName>
      <lobbyistSuffix />
      <coveredPosition />
      <lobbyistNew>N</lobbyistNew>
    </lobbyist>
    <lobbyist>
      <lobbyistFirstName>SCOTT</lobbyistFirstName>
      <lobbyistLastName>STYLES</lobbyistLastName>
      <lobbyistSuffix />
      <coveredPosition />
      <lobbyistNew>N</lobbyistNew>
    </lobbyist>
  </lobbyists>
  <alis>
    <ali_Code>FOO</ali_Code>
  </alis>
  <specific_issues />
  <affiliatedOrgs>
    <affiliatedOrg>
      <affiliatedOrgName />
      <affiliatedOrgAddress />
      <affiliatedOrgCity />
      <affiliatedOrgState />
      <affiliatedOrgZip />
      <affiliatedOrgCountry />
      <affiliatedPrinOrgCity />
      <affiliatedPrinOrgState />
      <affiliatedPrinOrgCountry />
    </affiliatedOrg>
  </affiliatedOrgs>
  <foreignEntities>
    <foreignEntity>
      <name />
      <address />
      <city />
      <state />
      <country />
      <prinCity />
      <prinState />
      <prinCountry />
      <contribution />
      <ownership_Percentage />
    </foreignEntity>
  </foreignEntities>
  <reportYear>2004</reportYear>
  <reportType>RR</reportType>
  <effectiveDate />
  <printedName />
  <signedDate />
</LOBBYINGDISCLOSURE1>