<LOBBYINGDISCLOSURE1>
  <pages />
  <regType />
  <organizationName>THE PMA GROUP</organizationName>
  <prefix />
  <firstName />
  <lastName />
  <address1 />
  <address2 />
  <city />
  <state />
  <zip />
  <zipext />
  <country>USA</country>
  <principal_city />
  <principal_state />
  <principal_zip />
  <principal_zipext />
  <principal_country />
  <registrantGeneralDescription />
  <selfSelect />
  <clientName>NORTHERN INDIANA COMMUTER TRANSPORTATION DISTRICT</clientName>
  <clientAddress />
  <clientCity />
  <clientState />
  <clientZip />
  <clientZipExt />
  <clientCountry />
  <prinClientCity />
  <prinClientState />
  <prinClientZip />
  <prinClientZipExt />
  <prinClientCountry />
  <clientGeneralDescription />
  <senateID />
  <houseID>303500223</houseID>
  <lobbyists>
    <lobbyist>
      <lobbyistFirstName>TED</lobbyistFirstName>
      <lobbyistLastName>ANDERSON</lobbyistLastName>
      <lobbyistSuffix />
      <coveredPosition />
      <lobbyistNew>N</lobbyistNew>
    </lobbyist>
    <lobbyist>
      <lobbyistFirstName>JOSEPH</lobbyistFirstName>
      <lobbyistLastName>BOESSEN</lobbyistLastName>
      <lobbyistSuffix />
      <coveredPosition />
      <lobbyistNew>N</lobbyistNew>
    </lobbyist>
    <lobbyist>
      <lobbyistFirstName>LEO</lobbyistFirstName>
      <lobbyistLastName>CLARK</lobbyistLastName>
      <lobbyistSuffix />
      <coveredPosition />
      <lobbyistNew>N</lobbyistNew>
    </lobbyist>
    <lobbyist>
      <lobbyistFirstName>DON</lobbyistFirstName>
      <lobbyistLastName>FLEMING</lobbyistLastName>
      <lobbyistSuffix />
      <coveredPosition />
      <lobbyistNew>N</lobbyistNew>
    </lobbyist>
    <lobbyist>
      <lobbyistFirstName>KAYLENE</lobbyistFirstName>
      <lobbyistLastName>GREEN</lobbyistLastName>
      <lobbyistSuffix />
      <coveredPosition />
      <lobbyistNew>N</lobbyistNew>
    </lobbyist>
    <lobbyist>
      <lobbyistFirstName>SEAN</lobbyistFirstName>
      <lobbyistLastName>FOGERTY</lobbyistLastName>
      <lobbyistSuffix />
      <coveredPosition />
      <lobbyistNew>N</lobbyistNew>
    </lobbyist>
    <lobbyist>
      <lobbyistFirstName>PAUL</lobbyistFirstName>
      <lobbyistLastName>MAGLIOCCHETTI</lobbyistLastName>
      <lobbyistSuffix />
      <coveredPosition />
      <lobbyistNew>N</lobbyistNew>
    </lobbyist>
    <lobbyist>
      <lobbyistFirstName>CHUCK</lobbyistFirstName>
      <lobbyistLastName>PARKINSON</lobbyistLastName>
      <lobbyistSuffix />
      <coveredPosition />
      <lobbyistNew>N</lobbyistNew>
    </lobbyist>
    <lobbyist>
      <lobbyistFirstName>JULIE</lobbyistFirstName>
      <lobbyistLastName>GIARDINA</lobbyistLastName>
      <lobbyistSuffix />
      <coveredPosition />
      <lobbyistNew>N</lobbyistNew>
    </lobbyist>
    <lobbyist>
      <lobbyistFirstName>RICH</lobbyistFirstName>
      <lobbyistLastName>KAELIN</lobbyistLastName>
      <lobbyistSuffix />
      <coveredPosition />
      <lobbyistNew>N</lobbyistNew>
    </lobbyist>
  </lobbyists>
  <alis>
    <ali_Code>BUD</ali_Code>
  </alis>
  <specific_issues />
  <affiliatedOrgs>
    <affiliatedOrg>
      <affiliatedOrgName />
      <affiliatedOrgAddress />
      <affiliatedOrgCity />
      <affiliatedOrgState />
      <affiliatedOrgZip />
      <affiliatedOrgCountry />
      <affiliatedPrinOrgCity />
      <affiliatedPrinOrgState />
      <affiliatedPrinOrgCountry />
    </affiliatedOrg>
  </affiliatedOrgs>
  <foreignEntities>
    <foreignEntity>
      <name />
      <address />
      <city />
      <state />
      <country />
      <prinCity />
      <prinState />
      <prinCountry />
      <contribution />
      <ownership_Percentage />
    </foreignEntity>
  </foreignEntities>
  <reportYear>2004</reportYear>
  <reportType>RR</reportType>
  <effectiveDate />
  <printedName />
  <signedDate />
</LOBBYINGDISCLOSURE1>